id,tank_id,status,start_time,end_time,cultivar,cultivar_label,cabbage_size,avg_weight,firmness,leaf_thickness,total_quantity,room_temp,outdoor_temp,season,pickling_type,initial_salinity,initial_water_temp,added_salt,added_salt_amount,total_duration_minutes,final_salinity,quality_bending,quality_grade,notes,wash_tank1_salinity,wash_tank1_water_temp,wash_tank3_salinity,wash_tank3_water_temp
1,1,completed,2024-01-01T08:00:00,2024-01-03T08:00:00,giwunchan,기운찬,L,3.17,13.0,5,668.0,20.3,1.3,겨울,이틀절임,10.2,8.1,True,43,2880,1.71,4,좋음,,1.27,8.9,0.25,6.4
2,4,completed,2024-01-03T09:10:19.748300,2024-01-04T12:03:19.748300,bulamplus,불암플러스,XL,3.96,18.4,5,497.0,23.1,-4.2,겨울,하루절임,14.3,11.3,True,41,1613,1.56,4,좋음,,1.03,10.8,0.3,11.4
3,6,completed,2024-01-04T08:43:56.841318,2024-01-05T16:43:56.841318,bulam3,불암3호,XL,3.9,19.7,4,433.0,21.7,1.8,겨울,하루절임,14.4,11.8,True,39,1920,2.05,3,양호,,1.07,11.9,0.24,13.7
4,6,completed,2024-01-05T14:46:03.341954,2024-01-07T14:46:03.341954,bulamplus,불암플러스,XL,4.4,19.4,4,670.0,21.8,-1.3,겨울,이틀절임,10.0,8.3,True,43,2880,1.53,3,양호,,1.4,9.6,0.3,10.0
5,4,completed,2024-01-07T09:26:45.191117,2024-01-08T16:13:45.191117,hwiparam,휘파람골드,XL,3.88,15.0,3,696.0,21.1,6.8,겨울,하루절임,13.9,9.8,True,43,1847,1.76,4,좋음,,1.11,8.3,0.25,9.6
6,5,completed,2024-01-08T08:29:43.145065,2024-01-09T13:32:43.145065,other,기타,L,3.09,14.1,4,440.0,21.4,-4.0,겨울,하루절임,13.8,9.0,True,42,1743,1.83,4,좋음,정상 진행,1.3,9.2,0.21,7.0
7,7,completed,2024-01-09T12:02:02.687931,2024-01-11T12:02:02.687931,bulamplus,불암플러스,XL,3.69,13.0,4,670.0,23.2,7.9,겨울,이틀절임,10.2,11.6,True,38,2880,1.62,4,좋음,,1.01,13.1,0.19,11.9
8,3,completed,2024-01-11T12:27:07.025412,2024-01-13T12:27:07.025412,giwunchan,기운찬,XL,3.73,17.1,4,670.0,20.8,-4.3,겨울,이틀절임,10.5,9.7,True,43,2880,1.6,4,좋음,,1.38,8.6,0.2,10.9
9,7,completed,2024-01-13T11:39:21.317607,2024-01-15T11:39:21.317607,giwunchan,기운찬,XL,4.06,17.8,5,609.0,22.0,-1.3,겨울,이틀절임,10.0,10.6,True,36,2880,1.57,4,좋음,,1.13,10.5,0.16,11.9
10,7,completed,2024-01-15T13:01:09.601389,2024-01-17T13:01:09.601389,hwanggeumstar,황금스타,L,3.29,20.4,4,626.0,23.4,9.3,겨울,이틀절임,10.7,9.7,True,43,2880,1.85,5,좋음,,1.25,8.7,0.22,8.2
11,3,completed,2024-01-17T10:49:52.750324,2024-01-18T13:11:52.750324,bulam3,불암3호,XL,3.9,13.1,3,689.0,20.4,-4.6,겨울,하루절임,14.2,9.2,True,41,1582,1.83,4,좋음,,1.29,11.1,0.19,10.4
12,6,completed,2024-01-18T11:52:52.097792,2024-01-20T11:52:52.097792,hwimori,휘모리,L,3.23,23.1,4,664.0,21.0,2.0,겨울,이틀절임,10.4,10.4,True,35,2880,1.66,4,좋음,,1.24,11.4,0.24,12.3
13,3,completed,2024-01-20T10:11:08.653333,2024-01-22T10:11:08.653333,bulam3,불암3호,L,3.33,21.7,5,488.0,23.8,4.6,겨울,이틀절임,10.1,11.0,True,35,2880,1.71,5,좋음,,1.12,9.9,0.26,11.8
14,7,completed,2024-01-22T10:50:00.699008,2024-01-23T16:26:00.699008,cheongomabi,천고마비,XL,4.2,15.4,5,467.0,20.6,-1.0,겨울,하루절임,13.6,8.6,True,39,1776,1.6,4,좋음,,1.33,10.5,0.22,8.2
15,4,completed,2024-01-23T09:21:30.643030,2024-01-25T09:21:30.643030,cheongomabi,천고마비,XL,4.22,19.1,5,411.0,20.4,-1.2,겨울,이틀절임,10.8,8.5,True,43,2880,1.42,3,양호,,1.03,9.6,0.28,7.9
16,1,completed,2024-01-25T10:52:57.670116,2024-01-27T10:52:57.670116,bulamplus,불암플러스,XL,3.89,23.1,4,660.0,21.8,2.3,겨울,이틀절임,10.8,9.3,True,41,2880,1.49,3,양호,,1.35,7.4,0.16,9.8
17,1,completed,2024-01-27T09:47:52.289424,2024-01-29T09:47:52.289424,hwiparam,휘파람골드,XL,3.57,22.8,4,450.0,21.2,-4.6,겨울,이틀절임,10.1,9.3,True,40,2880,1.45,3,양호,,1.3,7.5,0.24,9.3
18,7,completed,2024-01-29T10:49:27.503131,2024-01-30T14:29:27.503131,bulamplus,불암플러스,L,3.43,14.6,4,603.0,22.9,4.9,겨울,하루절임,14.1,11.4,True,45,1660,1.91,4,좋음,,1.34,12.3,0.3,13.3
19,1,completed,2024-01-30T14:25:49.874546,2024-02-01T14:25:49.874546,bulamplus,불암플러스,XL,3.61,20.5,4,575.0,23.3,9.1,겨울,이틀절임,10.2,8.4,True,35,2880,1.5,4,좋음,,1.39,10.2,0.27,6.8
20,7,completed,2024-02-01T08:03:31.625075,2024-02-02T08:16:31.625075,bulamplus,불암플러스,XL,4.14,14.8,5,462.0,20.9,8.0,겨울,하루절임,13.6,9.3,True,44,1453,1.54,4,좋음,균일 절임,1.35,9.4,0.22,11.2
21,1,completed,2024-02-02T11:43:36.900379,2024-02-03T18:39:36.900379,hwiparam,휘파람골드,M,2.93,14.1,5,445.0,20.5,4.4,겨울,하루절임,14.2,10.3,True,41,1856,1.93,3,양호,,1.22,9.6,0.17,9.7
22,7,completed,2024-02-03T14:27:05.237122,2024-02-05T14:27:05.237122,other,기타,L,3.35,15.1,3,573.0,20.9,4.9,겨울,이틀절임,10.1,8.9,True,43,2880,1.69,4,좋음,,1.18,8.0,0.26,7.4
23,4,completed,2024-02-05T13:37:23.233134,2024-02-07T13:37:23.233134,hwimori,휘모리,L,3.2,23.6,3,402.0,21.2,-1.8,겨울,이틀절임,10.3,8.5,True,40,2880,1.5,4,좋음,,1.14,10.3,0.25,7.1
24,2,completed,2024-02-07T09:38:15.756639,2024-02-08T14:36:15.756639,giwunchan,기운찬,L,3.21,19.7,4,539.0,22.3,3.7,겨울,하루절임,14.4,10.7,True,45,1738,1.83,4,좋음,,1.02,9.1,0.28,10.1
25,2,completed,2024-02-08T09:02:30.183623,2024-02-09T15:07:30.183623,giwunchan,기운찬,XL,3.63,18.1,4,512.0,21.1,1.1,겨울,하루절임,14.1,9.4,True,45,1805,1.73,4,좋음,,1.15,8.1,0.18,11.2
26,1,completed,2024-02-09T09:09:28.838999,2024-02-10T10:40:28.838999,bulamplus,불암플러스,XL,3.79,18.3,5,665.0,20.2,0.1,겨울,하루절임,13.6,11.1,True,41,1531,1.63,5,좋음,,1.17,9.7,0.18,11.5
27,3,completed,2024-02-10T11:55:35.507000,2024-02-12T11:55:35.507000,hwimori,휘모리,XL,3.93,22.2,4,425.0,20.6,1.7,겨울,이틀절임,10.8,10.1,True,36,2880,1.7,4,좋음,,1.21,9.1,0.17,9.8
28,6,completed,2024-02-12T11:11:43.307186,2024-02-14T11:11:43.307186,cheongomabi,천고마비,XL,3.5,20.5,5,552.0,24.0,3.3,겨울,이틀절임,10.5,9.6,True,45,2880,1.62,4,좋음,,1.16,9.4,0.29,9.0
29,7,completed,2024-02-14T10:59:59.081292,2024-02-15T13:49:59.081292,hwimori,휘모리,XL,3.8,13.8,5,699.0,20.7,-0.6,겨울,하루절임,13.8,8.4,True,39,1610,1.77,4,좋음,,1.15,8.7,0.24,9.1
30,5,completed,2024-02-15T14:04:32.646012,2024-02-17T14:04:32.646012,bulam3,불암3호,L,3.38,14.8,3,408.0,20.7,2.8,겨울,이틀절임,10.1,11.7,True,39,2880,1.76,4,좋음,균일 절임,1.16,12.0,0.17,11.0
31,7,completed,2024-02-17T10:08:01.779446,2024-02-18T13:23:01.779446,giwunchan,기운찬,L,3.22,21.7,4,551.0,23.5,7.5,겨울,하루절임,13.8,10.1,True,37,1635,1.74,5,좋음,,1.23,10.7,0.27,9.8
32,3,completed,2024-02-18T13:34:46.170163,2024-02-20T13:34:46.170163,cheongomabi,천고마비,L,3.36,19.1,4,489.0,20.3,-4.1,겨울,이틀절임,10.5,9.8,True,38,2880,1.82,4,좋음,,1.0,8.2,0.17,8.9
33,1,completed,2024-02-20T08:25:19.091628,2024-02-22T08:25:19.091628,hwimori,휘모리,XL,3.59,13.8,5,535.0,22.2,7.4,겨울,이틀절임,10.6,10.5,True,37,2880,1.89,5,좋음,,1.23,11.4,0.24,9.2
34,2,completed,2024-02-22T14:24:15.230504,2024-02-24T14:24:15.230504,cheongmyung,청명가을,XL,3.5,18.6,3,406.0,21.3,-2.7,겨울,이틀절임,10.4,10.8,True,44,2880,1.95,4,양호,,1.12,10.0,0.26,10.2
35,4,completed,2024-02-24T10:47:52.267356,2024-02-25T13:27:52.267356,bulamplus,불암플러스,L,3.49,18.5,4,441.0,22.5,3.8,겨울,하루절임,14.2,9.0,True,43,1600,1.69,5,좋음,,1.17,10.4,0.29,7.1
36,6,completed,2024-02-25T09:59:36.106093,2024-02-26T12:48:36.106093,other,기타,XL,4.05,12.1,5,581.0,23.7,0.0,겨울,하루절임,14.1,9.8,True,43,1609,1.78,4,좋음,,1.1,8.7,0.26,11.6
37,6,completed,2024-02-26T08:16:21.746456,2024-02-28T08:16:21.746456,bulamplus,불암플러스,XL,3.99,17.5,3,522.0,22.0,8.4,겨울,이틀절임,10.3,10.8,True,36,2880,1.5,4,좋음,최상 품질,1.27,10.0,0.15,9.8
38,3,completed,2024-02-28T08:27:34.621097,2024-03-01T08:27:34.621097,giwunchan,기운찬,L,3.07,20.9,4,410.0,21.6,6.5,겨울,이틀절임,11.0,11.1,True,45,2880,1.65,5,좋음,,1.1,9.3,0.22,11.3
39,2,completed,2024-04-01T08:00:00,2024-04-02T06:23:00,cheongmyung,청명가을,S,2.4,12.5,4,646.0,20.9,20.5,봄,하루절임,12.5,15.9,True,21,1343,1.82,4,좋음,,1.04,17.8,0.22,17.3
40,5,completed,2024-04-02T11:02:03.124169,2024-04-03T11:31:03.124169,cheongmyung,청명가을,S,2.2,12.2,4,574.0,21.7,11.8,봄,하루절임,12.4,13.3,True,18,1469,1.59,4,좋음,,1.28,11.3,0.23,12.8
41,4,completed,2024-04-03T12:58:09.211076,2024-04-04T14:41:09.211076,cheongomabi,천고마비,M,2.73,10.7,2,559.0,21.1,21.7,봄,하루절임,12.8,12.1,True,25,1543,1.73,5,좋음,,1.28,10.4,0.28,12.7
42,5,completed,2024-04-05T08:57:02.206990,2024-04-06T11:06:02.206990,hwanggeumstar,황금스타,M,2.7,12.9,4,543.0,20.2,10.9,봄,하루절임,12.9,15.7,True,24,1569,2.05,3,양호,,1.24,16.2,0.24,17.6
43,7,completed,2024-04-06T13:17:01.360829,2024-04-07T17:49:01.360829,other,기타,M,2.55,15.5,3,456.0,22.3,14.6,봄,하루절임,12.3,15.1,True,18,1712,2.17,3,나쁨,염도 초과,1.07,14.6,0.17,14.3
44,3,completed,2024-04-07T09:27:08.375632,2024-04-08T15:17:08.375632,hwiparam,휘파람골드,S,2.24,11.0,2,616.0,22.0,17.4,봄,하루절임,12.1,13.8,True,15,1790,1.69,5,좋음,,1.38,13.6,0.26,13.6
45,7,completed,2024-04-08T14:54:17.150139,2024-04-09T17:22:17.150139,giwunchan,기운찬,S,2.4,10.4,3,598.0,22.9,19.5,봄,하루절임,13.0,12.3,True,22,1588,1.9,4,좋음,,1.3,12.5,0.25,11.2
46,6,completed,2024-04-09T13:37:44.079114,2024-04-10T14:02:44.079114,hwimori,휘모리,S,2.27,9.5,3,676.0,20.3,20.0,봄,하루절임,12.3,14.9,True,20,1465,1.84,4,좋음,,1.01,15.4,0.18,15.3
47,7,completed,2024-04-10T09:17:35.404889,2024-04-11T16:49:35.404889,giwunchan,기운찬,M,2.7,14.4,4,456.0,21.3,15.5,봄,하루절임,12.9,13.0,True,23,1892,2.0,4,좋음,,1.34,13.5,0.28,14.8
48,5,completed,2024-04-11T11:35:22.686231,2024-04-12T11:18:22.686231,cheongomabi,천고마비,M,2.7,13.0,3,547.0,20.3,10.4,봄,하루절임,12.3,15.0,True,19,1423,1.87,4,좋음,,1.15,13.3,0.27,16.1
49,3,completed,2024-04-12T13:59:09.026935,2024-04-13T17:27:09.026935,hwimori,휘모리,M,2.65,16.1,4,428.0,23.9,17.6,봄,하루절임,12.9,14.8,True,23,1648,2.05,3,양호,,1.35,16.3,0.16,14.2
50,6,completed,2024-04-13T13:57:05.934017,2024-04-14T16:00:05.934017,bulamplus,불암플러스,M,2.64,14.3,2,529.0,20.4,11.1,봄,하루절임,12.1,12.9,True,24,1563,1.62,5,좋음,,1.25,11.5,0.21,13.6
51,7,completed,2024-04-14T08:08:57.810890,2024-04-15T11:46:57.810890,bulam3,불암3호,M,2.55,11.4,2,474.0,22.6,13.0,봄,하루절임,12.7,14.4,True,19,1658,1.86,5,좋음,균일 절임,1.31,16.2,0.27,12.5
52,4,completed,2024-04-15T08:50:29.962800,2024-04-16T12:45:29.962800,hwimori,휘모리,M,2.6,12.2,4,521.0,22.6,16.5,봄,하루절임,12.1,12.6,True,16,1675,1.66,5,좋음,,1.21,13.7,0.26,11.3
53,1,completed,2024-04-16T10:46:21.252293,2024-04-17T12:46:21.252293,giwunchan,기운찬,M,2.86,10.2,2,479.0,23.9,17.5,봄,하루절임,12.5,14.0,True,15,1560,1.67,4,좋음,,1.03,13.5,0.23,15.6
54,1,completed,2024-04-17T08:25:57.096198,2024-04-18T06:52:57.096198,cheongmyung,청명가을,M,2.7,10.3,2,566.0,20.0,12.4,봄,하루절임,12.3,14.3,True,24,1347,1.81,4,좋음,,1.12,15.1,0.24,13.2
55,3,completed,2024-04-18T13:15:49.237072,2024-04-19T14:10:49.237072,hwiparam,휘파람골드,S,2.38,16.0,2,409.0,21.6,15.4,봄,하루절임,12.2,15.0,True,22,1495,1.75,5,좋음,,1.17,15.9,0.22,14.5
56,3,completed,2024-04-19T09:17:33.794697,2024-04-20T14:05:33.794697,hwiparam,휘파람골드,M,2.59,14.2,4,489.0,21.6,16.6,봄,하루절임,12.3,12.2,True,17,1728,1.68,5,좋음,,1.29,13.3,0.29,12.5
57,2,completed,2024-04-20T14:54:01.559391,2024-04-21T22:04:01.559391,bulamplus,불암플러스,L,3.01,14.3,4,408.0,22.8,21.4,봄,하루절임,12.6,14.3,True,18,1870,1.79,4,좋음,,1.39,15.2,0.22,14.9
58,6,completed,2024-04-21T13:35:32.187532,2024-04-22T14:19:32.187532,cheongmyung,청명가을,S,2.42,13.1,2,514.0,22.9,13.5,봄,하루절임,12.0,12.7,True,24,1484,1.76,4,좋음,,1.04,10.7,0.21,13.6
59,4,completed,2024-04-22T11:56:32.421605,2024-04-23T14:12:32.421605,hwiparam,휘파람골드,M,2.74,15.7,4,595.0,22.7,12.0,봄,하루절임,12.8,12.3,True,19,1576,1.77,5,좋음,,1.12,10.7,0.21,12.5
60,1,completed,2024-04-23T08:27:19.796955,2024-04-24T10:42:19.796955,bulamplus,불암플러스,M,2.86,10.1,2,462.0,22.6,21.7,봄,하루절임,12.1,13.9,True,21,1575,1.66,5,좋음,,1.27,15.6,0.24,12.8
61,1,completed,2024-04-24T14:45:08.674678,2024-04-25T20:39:08.674678,hwimori,휘모리,M,2.8,14.5,4,444.0,23.8,15.4,봄,하루절임,12.2,15.8,True,18,1794,1.99,3,양호,,1.11,15.9,0.2,15.4
62,5,completed,2024-04-25T11:36:24.639523,2024-04-26T18:56:24.639523,hwimori,휘모리,M,2.53,14.0,4,608.0,20.2,20.7,봄,하루절임,12.2,13.3,True,22,1880,1.76,5,좋음,,1.35,11.4,0.18,14.6
63,3,completed,2024-04-26T11:03:49.406386,2024-04-27T14:25:49.406386,giwunchan,기운찬,M,2.88,12.0,4,677.0,22.7,12.9,봄,하루절임,12.4,14.0,True,22,1642,1.8,5,좋음,,1.32,13.2,0.3,14.6
64,3,completed,2024-04-27T10:29:31.389647,2024-04-28T14:10:31.389647,bulamplus,불암플러스,M,2.8,13.6,4,431.0,22.0,17.9,봄,하루절임,12.4,15.4,True,25,1661,1.77,5,좋음,,1.29,15.7,0.3,16.7
65,6,completed,2024-04-28T13:34:19.474917,2024-04-29T18:43:19.474917,giwunchan,기운찬,M,2.77,12.1,2,652.0,23.5,12.2,봄,하루절임,12.1,12.4,True,19,1749,1.92,4,좋음,,1.36,14.3,0.17,13.8
66,2,completed,2024-04-29T10:40:25.163511,2024-04-30T13:44:25.163511,hwiparam,휘파람골드,S,2.49,10.6,2,573.0,20.6,19.4,봄,하루절임,12.1,15.1,True,21,1624,1.78,5,좋음,,1.14,16.7,0.3,14.5
67,1,completed,2024-05-01T08:00:00,2024-05-02T08:57:00,bulamplus,불암플러스,M,2.51,14.6,4,551.0,20.5,18.5,봄,하루절임,12.4,15.2,True,25,1497,1.91,3,좋음,,1.05,13.6,0.18,14.0
68,6,completed,2024-05-02T09:22:39.858957,2024-05-03T15:46:39.858957,hwiparam,휘파람골드,M,2.55,16.8,4,680.0,21.3,10.0,봄,하루절임,12.9,14.7,True,24,1824,1.93,4,좋음,,1.07,14.3,0.29,13.8
69,6,completed,2024-05-03T14:26:38.278431,2024-05-04T14:10:38.278431,cheongmyung,청명가을,S,2.27,13.5,2,431.0,23.6,15.8,봄,하루절임,12.4,14.3,True,24,1424,1.81,4,좋음,,1.27,16.1,0.2,12.5
70,5,completed,2024-05-04T12:49:10.552429,2024-05-05T15:26:10.552429,hwimori,휘모리,M,2.5,12.5,2,628.0,20.9,14.1,봄,하루절임,13.0,15.3,True,19,1597,1.8,5,좋음,,1.39,13.3,0.26,15.5
71,2,completed,2024-05-05T12:49:14.095997,2024-05-06T12:17:14.095997,cheongomabi,천고마비,M,2.93,8.4,4,580.0,23.5,16.0,봄,하루절임,13.0,13.5,True,18,1408,1.88,5,좋음,,1.39,12.8,0.23,11.6
72,7,completed,2024-05-06T14:55:07.320398,2024-05-07T18:43:07.320398,hwiparam,휘파람골드,M,2.61,15.0,3,627.0,22.2,17.2,봄,하루절임,13.0,15.1,True,19,1668,1.84,5,좋음,,1.21,16.9,0.23,16.2
73,3,completed,2024-05-07T11:05:45.020717,2024-05-08T09:45:45.020717,bulamplus,불암플러스,M,2.66,11.4,2,685.0,22.5,15.7,봄,하루절임,12.8,14.2,True,25,1360,1.99,3,좋음,,1.31,13.4,0.16,15.3
74,4,completed,2024-05-08T13:01:55.249126,2024-05-09T15:53:55.249126,bulamplus,불암플러스,M,2.96,15.1,4,488.0,22.5,13.6,봄,하루절임,13.0,15.5,True,25,1612,2.01,4,양호,,1.4,15.3,0.23,14.7
75,6,completed,2024-05-09T08:12:31.362918,2024-05-10T13:31:31.362918,hwimori,휘모리,M,2.5,14.4,2,430.0,22.5,20.8,봄,하루절임,12.5,13.3,True,24,1759,1.74,5,좋음,,1.34,13.8,0.27,13.6
76,3,completed,2024-05-10T08:35:37.381547,2024-05-11T12:08:37.381547,hwimori,휘모리,M,2.58,15.3,3,518.0,23.6,17.1,봄,하루절임,12.1,15.4,True,23,1653,1.88,5,좋음,,1.19,15.2,0.16,17.3
77,7,completed,2024-05-11T12:40:19.631344,2024-05-12T19:18:19.631344,bulamplus,불암플러스,M,2.84,13.2,3,596.0,21.5,17.8,봄,하루절임,12.5,15.3,True,21,1838,2.08,3,양호,,1.21,16.9,0.17,14.0
78,5,completed,2024-05-12T12:25:59.159044,2024-05-13T18:40:59.159044,other,기타,M,2.91,13.8,3,684.0,20.9,17.3,봄,하루절임,12.5,13.9,True,18,1815,2.02,3,양호,,1.36,15.0,0.25,14.0
79,5,completed,2024-05-13T08:44:39.648405,2024-05-14T11:10:39.648405,hwiparam,휘파람골드,M,2.51,15.6,3,577.0,23.0,19.1,봄,하루절임,12.1,14.8,True,17,1586,1.42,3,나쁨,염도 미달,1.08,15.0,0.23,13.5
80,5,completed,2024-05-14T10:19:55.121352,2024-05-15T13:57:55.121352,hwiparam,휘파람골드,M,2.67,16.3,4,436.0,20.9,19.4,봄,하루절임,12.1,15.8,True,23,1658,1.95,4,좋음,,1.18,14.6,0.25,17.0
81,5,completed,2024-05-15T12:32:38.199721,2024-05-16T12:42:38.199721,cheongomabi,천고마비,M,2.83,10.3,4,400.0,20.6,22.0,봄,하루절임,12.4,15.1,True,21,1450,1.7,5,좋음,,1.32,14.1,0.22,14.6
82,4,completed,2024-05-16T10:49:53.247204,2024-05-17T11:54:53.247204,cheongomabi,천고마비,M,2.96,11.3,3,420.0,22.5,21.9,봄,하루절임,12.2,14.7,True,20,1505,1.82,5,좋음,,1.14,15.8,0.17,13.0
83,7,completed,2024-05-17T08:48:26.242553,2024-05-18T11:13:26.242553,hwimori,휘모리,M,2.58,14.0,3,669.0,23.5,16.9,봄,하루절임,12.2,13.1,True,23,1585,1.71,5,좋음,,1.15,13.1,0.18,13.9
84,2,completed,2024-05-18T10:28:37.261703,2024-05-19T15:21:37.261703,hwimori,휘모리,M,2.72,15.7,4,481.0,20.9,15.2,봄,하루절임,12.1,13.5,True,17,1733,1.59,4,좋음,,1.22,15.4,0.19,12.8
85,1,completed,2024-05-19T11:56:07.592359,2024-05-20T11:17:07.592359,hwiparam,휘파람골드,M,2.61,10.1,2,592.0,23.7,15.1,봄,하루절임,12.4,14.4,True,16,1401,1.63,4,좋음,,1.0,14.5,0.26,12.9
86,4,completed,2024-05-20T13:59:33.627500,2024-05-21T13:44:33.627500,hwanggeumstar,황금스타,S,2.12,10.9,3,579.0,23.2,16.6,봄,하루절임,12.9,12.8,True,21,1425,1.95,4,좋음,,1.12,12.1,0.24,11.0
87,6,completed,2024-05-21T10:30:40.050102,2024-05-22T15:12:40.050102,bulamplus,불암플러스,S,2.45,14.0,2,471.0,21.7,10.2,봄,하루절임,12.6,15.2,True,21,1722,1.94,4,좋음,,1.19,15.0,0.19,16.0
88,6,completed,2024-05-22T10:20:39.689607,2024-05-23T18:03:39.689607,hwimori,휘모리,M,2.66,16.1,2,421.0,20.6,13.5,봄,하루절임,12.4,13.1,True,15,1903,1.8,4,좋음,,1.25,13.5,0.16,12.0
89,4,completed,2024-05-23T09:41:44.201519,2024-05-24T09:22:44.201519,hwanggeumstar,황금스타,S,2.42,12.5,3,567.0,23.8,15.0,봄,하루절임,12.7,13.5,True,24,1421,1.81,4,좋음,,1.06,13.0,0.24,12.4
90,2,completed,2024-05-24T11:36:36.683502,2024-05-25T12:00:36.683502,giwunchan,기운찬,M,2.86,9.4,4,611.0,23.3,11.1,봄,하루절임,12.0,14.6,True,24,1464,2.03,3,양호,,1.23,13.0,0.21,15.7
91,4,completed,2024-05-25T10:05:07.300636,2024-05-26T12:56:07.300636,hwimori,휘모리,M,2.53,9.4,4,530.0,22.8,19.1,봄,하루절임,12.2,13.9,True,21,1611,1.98,4,좋음,정상 진행,1.15,14.9,0.28,12.3
92,7,completed,2024-05-26T14:53:42.857162,2024-05-27T19:03:42.857162,bulamplus,불암플러스,L,3.01,11.0,3,407.0,20.8,16.5,봄,하루절임,12.5,12.8,True,19,1690,1.9,5,좋음,,1.04,11.6,0.3,13.0
93,3,completed,2024-05-27T12:19:30.543275,2024-05-28T13:38:30.543275,hwimori,휘모리,S,2.27,14.6,3,588.0,20.9,21.7,봄,하루절임,12.8,14.0,True,25,1519,1.7,5,좋음,,1.08,12.6,0.25,15.6
94,6,completed,2024-05-28T14:09:56.587565,2024-05-29T17:36:56.587565,hwanggeumstar,황금스타,S,2.32,11.8,4,436.0,21.3,20.6,봄,하루절임,12.8,14.9,True,21,1647,1.97,4,좋음,,1.19,13.6,0.18,14.5
95,6,completed,2024-05-30T11:14:02.660511,2024-05-31T13:23:02.660511,cheongomabi,천고마비,S,2.49,8.9,3,660.0,22.0,13.9,봄,하루절임,12.2,13.8,True,21,1569,1.9,5,좋음,,1.31,12.9,0.17,13.0
96,1,completed,2024-06-01T08:00:00,2024-06-02T05:42:00,giwunchan,기운찬,M,2.85,13.4,3,564.0,23.6,28.2,여름,하루절임,13.0,20.1,True,18,1302,1.83,4,좋음,,1.04,18.5,0.3,18.7
97,5,completed,2024-06-02T13:38:23.109125,2024-06-03T09:38:23.109125,giwunchan,기운찬,M,2.62,10.2,1,428.0,23.2,28.7,여름,하루절임,12.6,21.5,True,23,1200,2.17,3,나쁨,염도 초과,1.19,19.6,0.17,20.1
98,3,completed,2024-06-03T12:57:02.180673,2024-06-04T08:57:02.180673,hwimori,휘모리,M,2.89,5.9,3,490.0,24.9,28.2,여름,하루절임,12.7,22.1,True,20,1200,2.0,4,좋음,,1.21,23.2,0.25,21.2
99,5,completed,2024-06-04T12:35:53.683099,2024-06-05T08:35:53.683099,bulamplus,불암플러스,M,2.82,7.8,3,641.0,24.3,26.7,여름,하루절임,13.4,21.2,True,15,1200,1.71,4,좋음,,1.14,22.5,0.24,22.3
100,2,completed,2024-06-05T12:44:53.709482,2024-06-06T08:44:53.709482,bulamplus,불암플러스,M,2.96,12.0,2,434.0,24.4,28.3,여름,하루절임,12.9,20.4,True,21,1200,1.87,4,좋음,,1.01,21.3,0.22,20.1
101,4,completed,2024-06-06T13:51:25.646751,2024-06-07T09:51:25.646751,cheongmyung,청명가을,M,2.65,13.1,3,454.0,24.0,30.5,여름,하루절임,12.9,21.8,False,0,1200,2.03,3,양호,,1.34,19.9,0.17,20.5
102,4,completed,2024-06-07T09:42:08.797824,2024-06-08T06:02:08.797824,hwiparam,휘파람골드,M,2.71,7.8,1,640.0,25.4,28.4,여름,하루절임,12.6,20.3,True,17,1220,1.88,4,좋음,,1.25,18.5,0.24,21.9
103,1,completed,2024-06-08T08:45:38.287346,2024-06-09T04:45:38.287346,bulam3,불암3호,M,2.56,11.9,3,570.0,25.9,34.0,여름,하루절임,12.8,22.8,True,16,1200,1.9,5,좋음,,1.04,22.9,0.29,21.1
104,2,completed,2024-06-09T13:12:39.326504,2024-06-10T09:12:39.326504,hwimori,휘모리,M,2.71,8.3,2,669.0,24.5,28.6,여름,하루절임,13.1,20.3,True,17,1200,1.97,4,좋음,,1.3,19.0,0.21,19.0
105,7,completed,2024-06-10T09:06:06.185122,2024-06-11T05:06:06.185122,cheongmyung,청명가을,M,2.7,5.0,2,424.0,22.0,34.3,여름,하루절임,13.1,22.8,False,0,1200,2.32,2,나쁨,짠맛 강함,1.17,21.6,0.28,21.1
106,2,completed,2024-06-11T11:09:08.446445,2024-06-12T07:09:08.446445,hwanggeumstar,황금스타,S,2.37,5.9,3,458.0,23.4,27.7,여름,하루절임,12.5,21.3,True,19,1200,2.14,3,나쁨,과절임,1.15,21.2,0.25,22.7
107,5,completed,2024-06-12T13:21:31.301443,2024-06-13T09:34:31.301443,bulam3,불암3호,S,2.49,13.5,3,573.0,22.8,31.8,여름,하루절임,12.8,22.5,True,23,1213,2.11,3,양호,,1.26,21.7,0.16,24.0
108,3,completed,2024-06-13T12:41:09.817193,2024-06-14T08:41:09.817193,hwimori,휘모리,M,2.7,8.6,3,600.0,24.1,30.5,여름,하루절임,13.1,21.8,True,19,1200,1.82,4,좋음,,1.04,20.0,0.25,22.1
109,1,completed,2024-06-14T10:12:02.987296,2024-06-15T06:12:02.987296,bulam3,불암3호,M,2.77,13.6,3,518.0,24.0,31.0,여름,하루절임,12.6,22.0,True,21,1200,2.01,3,양호,,1.03,23.0,0.24,22.3
110,4,completed,2024-06-15T13:43:23.057161,2024-06-16T09:43:23.057161,other,기타,M,2.56,11.6,1,654.0,22.7,25.6,여름,하루절임,13.4,21.3,False,0,1200,2.12,3,양호,,1.05,19.8,0.16,22.1
111,7,completed,2024-06-16T08:01:35.191618,2024-06-17T04:01:35.191618,hwimori,휘모리,S,2.39,5.7,3,554.0,22.2,26.2,여름,하루절임,12.6,21.0,True,16,1200,1.96,4,좋음,,1.19,21.7,0.18,23.0
112,6,completed,2024-06-17T11:33:44.672279,2024-06-18T07:33:44.672279,cheongomabi,천고마비,M,2.63,10.7,1,622.0,25.6,26.7,여름,하루절임,12.7,21.5,False,0,1200,1.93,4,좋음,,1.31,21.8,0.22,21.7
113,2,completed,2024-06-18T12:54:58.518674,2024-06-19T08:54:58.518674,hwimori,휘모리,M,2.59,14.8,3,603.0,25.1,27.8,여름,하루절임,13.1,20.2,False,0,1200,1.7,4,좋음,,1.03,21.5,0.23,19.4
114,3,completed,2024-06-19T11:25:57.475705,2024-06-20T07:25:57.475705,cheongomabi,천고마비,M,2.89,6.3,1,588.0,24.1,26.9,여름,하루절임,13.2,22.0,True,22,1200,2.14,3,나쁨,과절임,1.23,23.1,0.23,22.0
115,7,completed,2024-06-20T08:49:13.347939,2024-06-21T06:58:13.347939,hwiparam,휘파람골드,M,2.68,13.5,3,471.0,23.7,26.4,여름,하루절임,13.5,20.7,True,19,1329,1.93,4,좋음,최상 품질,1.26,19.4,0.22,21.3
116,1,completed,2024-06-21T10:36:01.186346,2024-06-22T06:36:01.186346,bulamplus,불암플러스,M,2.94,12.5,3,629.0,25.4,31.9,여름,하루절임,12.8,23.2,True,17,1200,1.89,5,좋음,최상 품질,1.29,24.0,0.26,22.2
117,3,completed,2024-06-22T09:30:03.210062,2024-06-23T06:11:03.210062,other,기타,M,2.98,10.4,3,643.0,22.0,30.0,여름,하루절임,13.5,21.5,True,17,1241,1.81,5,좋음,,1.23,21.2,0.16,22.6
118,6,completed,2024-06-23T08:18:18.065349,2024-06-24T04:18:18.065349,other,기타,M,2.56,13.4,1,651.0,22.6,25.8,여름,하루절임,13.2,23.3,True,19,1200,2.08,3,양호,,1.36,23.2,0.17,21.8
119,5,completed,2024-06-24T14:15:26.763471,2024-06-25T10:15:26.763471,hwimori,휘모리,M,2.63,14.3,3,432.0,23.7,25.9,여름,하루절임,13.1,22.6,False,0,1200,2.02,3,양호,,1.28,24.5,0.22,24.0
120,5,completed,2024-06-25T09:18:37.603211,2024-06-26T05:18:37.603211,cheongmyung,청명가을,S,2.41,5.8,3,530.0,23.7,30.0,여름,하루절임,13.2,22.3,True,15,1200,2.37,2,나쁨,과절임,1.03,22.0,0.24,20.8
121,3,completed,2024-06-26T10:50:55.172600,2024-06-27T08:35:55.172600,giwunchan,기운찬,M,2.69,13.1,3,662.0,24.4,26.0,여름,하루절임,13.4,20.2,True,16,1305,1.75,5,좋음,,1.32,21.7,0.3,19.9
122,6,completed,2024-06-27T14:19:13.804668,2024-06-28T10:19:13.804668,giwunchan,기운찬,S,2.31,7.5,3,583.0,22.6,29.0,여름,하루절임,13.4,22.6,True,24,1200,2.36,2,나쁨,염도 초과,1.03,20.8,0.28,22.5
123,4,completed,2024-06-28T13:33:10.189155,2024-06-29T09:33:10.189155,hwimori,휘모리,M,2.52,8.0,2,591.0,26.0,31.9,여름,하루절임,13.2,23.8,True,17,1200,2.33,2,나쁨,짠맛 강함,1.35,24.6,0.24,25.0
124,6,completed,2024-06-29T13:07:57.768427,2024-06-30T09:07:57.768427,hwimori,휘모리,M,2.68,11.0,1,687.0,24.1,32.5,여름,하루절임,12.5,22.0,True,23,1200,1.99,4,좋음,,1.03,22.5,0.18,23.9
125,5,completed,2024-07-01T14:15:02.306840,2024-07-02T10:15:02.306840,other,기타,M,2.69,5.4,2,688.0,24.5,31.5,여름,하루절임,12.6,20.7,True,19,1200,1.72,4,좋음,,1.09,18.8,0.19,22.4
126,3,completed,2024-07-02T12:40:40.792654,2024-07-03T08:40:40.792654,cheongmyung,청명가을,M,2.84,13.4,1,484.0,25.6,32.1,여름,하루절임,12.7,20.8,True,21,1200,2.25,3,나쁨,과절임,1.34,19.8,0.22,22.6
127,2,completed,2024-07-03T12:50:12.120627,2024-07-04T08:50:12.120627,hwanggeumstar,황금스타,M,2.52,11.3,3,534.0,22.5,34.7,여름,하루절임,12.9,23.7,True,16,1200,2.13,3,양호,,1.39,24.3,0.18,22.0
128,6,completed,2024-07-04T11:44:20.377769,2024-07-05T07:44:20.377769,other,기타,M,2.53,10.2,2,585.0,23.7,26.6,여름,하루절임,13.3,21.8,False,0,1200,2.08,3,양호,,1.08,21.9,0.27,21.1
129,7,completed,2024-07-05T14:17:41.638126,2024-07-06T10:24:41.638126,bulamplus,불암플러스,M,2.84,9.9,3,424.0,23.9,31.6,여름,하루절임,13.0,20.3,True,25,1207,1.87,5,좋음,,1.29,20.5,0.19,21.4
130,4,completed,2024-08-01T08:00:00,2024-08-02T04:00:00,cheongomabi,천고마비,L,3.03,12.1,1,468.0,25.0,29.7,여름,하루절임,13.3,22.1,True,22,1200,2.02,3,양호,,1.4,20.6,0.21,23.1
131,2,completed,2024-08-02T14:13:07.189098,2024-08-03T10:13:07.189098,cheongmyung,청명가을,M,2.73,10.8,1,581.0,25.8,30.9,여름,하루절임,13.2,22.0,False,0,1200,2.24,3,나쁨,짠맛 강함,1.13,23.0,0.22,20.3
132,2,completed,2024-08-03T13:28:00.591532,2024-08-04T09:28:00.591532,hwimori,휘모리,S,2.36,13.6,3,430.0,23.2,30.3,여름,하루절임,12.6,21.6,True,25,1200,1.54,4,좋음,균일 절임,1.32,23.3,0.24,20.6
133,6,completed,2024-08-05T13:24:36.058185,2024-08-06T09:24:36.058185,hwanggeumstar,황금스타,S,2.2,6.2,3,495.0,25.4,29.8,여름,하루절임,13.1,21.3,True,21,1200,2.09,3,양호,,1.17,21.7,0.2,21.6
134,7,completed,2024-08-07T09:17:25.266219,2024-08-08T05:17:25.266219,giwunchan,기운찬,M,2.98,8.6,1,541.0,23.7,31.1,여름,하루절임,12.7,21.7,True,22,1200,1.8,5,좋음,,1.0,22.8,0.25,23.4
135,2,completed,2024-08-08T08:33:40.675046,2024-08-09T04:33:40.675046,cheongmyung,청명가을,S,2.47,11.0,3,690.0,24.6,28.8,여름,하루절임,12.9,21.2,True,16,1200,1.99,4,좋음,,1.14,20.5,0.19,20.6
136,3,completed,2024-08-09T10:55:19.797161,2024-08-10T06:55:19.797161,cheongmyung,청명가을,M,2.76,8.4,1,408.0,22.5,30.3,여름,하루절임,13.3,23.8,False,0,1200,2.25,3,나쁨,과절임,1.25,23.8,0.27,23.1
137,5,completed,2024-08-10T14:59:44.427661,2024-08-11T10:59:44.427661,bulam3,불암3호,M,2.94,11.7,3,514.0,24.6,30.6,여름,하루절임,13.3,23.4,False,0,1200,1.95,4,좋음,,1.26,24.8,0.3,23.6
138,4,completed,2024-08-11T10:48:40.784850,2024-08-12T07:42:40.784850,hwiparam,휘파람골드,S,2.37,12.4,1,610.0,24.2,26.0,여름,하루절임,13.3,21.3,True,15,1254,2.07,3,양호,,1.26,21.0,0.24,19.7
139,5,completed,2024-08-12T14:50:49.787426,2024-08-13T10:50:49.787426,bulamplus,불암플러스,S,2.43,10.5,3,635.0,24.1,25.6,여름,하루절임,13.0,23.3,True,25,1200,2.06,3,양호,,1.4,24.1,0.18,22.8
140,5,completed,2024-08-13T14:32:03.611250,2024-08-14T10:32:03.611250,bulamplus,불암플러스,M,2.65,12.7,2,408.0,24.4,25.8,여름,하루절임,12.6,20.5,True,16,1200,1.84,4,좋음,,1.31,21.9,0.25,18.8
141,1,completed,2024-08-14T12:03:55.566253,2024-08-15T08:03:55.566253,giwunchan,기운찬,M,2.64,12.9,2,603.0,25.7,26.4,여름,하루절임,13.2,22.0,True,23,1200,2.03,3,양호,,1.06,20.5,0.22,20.6
142,4,completed,2024-08-15T09:30:22.070040,2024-08-16T07:03:22.070040,hwiparam,휘파람골드,M,2.78,10.8,2,433.0,23.8,33.4,여름,하루절임,12.9,20.6,True,20,1293,2.04,3,양호,,1.08,19.2,0.15,19.4
143,5,completed,2024-08-16T11:26:05.949690,2024-08-17T07:26:05.949690,hwiparam,휘파람골드,S,2.34,8.8,2,418.0,23.7,25.5,여름,하루절임,12.9,20.4,True,21,1200,1.63,5,좋음,,1.07,19.5,0.3,19.6
144,6,completed,2024-08-17T13:12:07.988864,2024-08-18T09:12:07.988864,cheongmyung,청명가을,M,2.54,9.4,1,450.0,25.0,28.8,여름,하루절임,12.9,23.1,False,0,1200,2.22,2,나쁨,염도 초과,1.3,21.7,0.18,24.0
145,4,completed,2024-08-18T11:05:00.848044,2024-08-19T07:05:00.848044,bulamplus,불암플러스,L,3.05,7.0,2,683.0,22.7,27.8,여름,하루절임,13.4,21.2,True,25,1200,2.1,3,양호,,1.14,21.7,0.17,22.9
146,2,completed,2024-08-19T08:38:42.511505,2024-08-20T04:38:42.511505,bulamplus,불암플러스,M,2.86,11.7,1,668.0,24.7,31.2,여름,하루절임,13.4,21.1,False,0,1200,2.08,3,양호,,1.17,19.9,0.18,22.1
147,2,completed,2024-08-20T13:45:45.850643,2024-08-21T09:45:45.850643,hwiparam,휘파람골드,M,2.83,9.2,3,432.0,24.3,29.8,여름,하루절임,12.7,22.4,False,0,1200,1.91,4,좋음,,1.0,24.0,0.18,21.2
148,5,completed,2024-08-21T08:36:37.816457,2024-08-22T04:36:37.816457,bulam3,불암3호,M,2.64,5.4,1,683.0,22.0,28.6,여름,하루절임,12.9,21.1,False,0,1200,2.02,3,양호,,1.31,20.1,0.22,20.1
149,2,completed,2024-08-22T13:59:32.408379,2024-08-23T09:59:32.408379,hwanggeumstar,황금스타,S,2.43,7.9,2,520.0,25.4,34.2,여름,하루절임,12.9,20.5,True,20,1200,1.99,4,좋음,,1.35,20.6,0.25,19.5
150,2,completed,2024-09-01T08:00:00,2024-09-03T01:09:00,bulam3,불암3호,L,3.14,14.3,2,690.0,21.7,21.0,가을,이틀절임,11.3,15.4,True,38,2469,2.11,4,양호,,1.2,16.9,0.25,16.0
151,3,completed,2024-09-03T11:22:18.546165,2024-09-04T19:08:18.546165,giwunchan,기운찬,L,3.48,12.7,2,538.0,21.5,16.6,가을,하루절임,12.4,13.0,True,19,1906,2.11,3,양호,,1.17,14.3,0.26,14.0
152,2,completed,2024-09-04T10:50:04.213096,2024-09-05T18:50:04.213096,hwimori,휘모리,L,3.2,13.5,3,602.0,20.0,20.9,가을,하루절임,12.0,12.2,True,20,1920,1.94,4,좋음,,1.13,10.6,0.15,10.2
153,5,completed,2024-09-05T12:45:22.933184,2024-09-06T14:38:22.933184,cheongmyung,청명가을,M,2.91,15.6,2,695.0,22.5,19.3,가을,하루절임,12.7,13.1,True,18,1553,1.73,4,좋음,,1.03,14.9,0.16,13.8
154,2,completed,2024-09-06T11:51:37.923954,2024-09-07T16:00:37.923954,bulam3,불암3호,M,2.93,14.5,4,656.0,20.5,14.1,가을,하루절임,13.0,14.1,True,24,1689,1.97,4,좋음,,1.11,13.7,0.24,15.2
155,4,completed,2024-09-07T13:31:26.083202,2024-09-08T16:52:26.083202,cheongmyung,청명가을,L,3.16,16.2,4,432.0,21.5,12.4,가을,하루절임,12.9,14.1,True,16,1641,1.91,4,좋음,,1.09,12.4,0.19,12.9
156,7,completed,2024-09-08T13:38:39.548578,2024-09-09T14:17:39.548578,cheongmyung,청명가을,L,3.25,13.1,3,495.0,21.3,12.4,가을,하루절임,12.5,16.8,True,19,1479,1.89,4,좋음,,1.22,16.1,0.24,16.4
157,1,completed,2024-09-09T14:41:20.238529,2024-09-11T06:41:20.238529,giwunchan,기운찬,M,2.87,11.8,2,442.0,24.0,20.3,가을,이틀절임,10.7,16.3,True,31,2400,1.84,5,좋음,최상 품질,1.29,15.1,0.16,18.2
158,4,completed,2024-09-11T11:52:45.126221,2024-09-12T11:35:45.126221,bulam3,불암3호,M,2.95,14.7,4,554.0,21.3,21.3,가을,하루절임,12.7,16.3,True,23,1423,1.76,4,좋음,,1.07,17.9,0.24,17.3
159,6,completed,2024-09-12T09:20:15.257035,2024-09-13T12:09:15.257035,bulam3,불암3호,L,3.43,11.1,2,600.0,21.7,10.2,가을,하루절임,12.9,17.8,True,17,1609,1.94,4,좋음,,1.14,18.6,0.28,18.9
160,1,completed,2024-09-13T12:30:33.028141,2024-09-14T15:08:33.028141,bulamplus,불암플러스,L,3.41,11.7,3,657.0,22.6,11.7,가을,하루절임,12.2,15.0,True,21,1598,1.66,5,좋음,,1.39,16.2,0.19,16.9
161,2,completed,2024-09-14T11:43:16.633640,2024-09-15T13:43:16.633640,hwimori,휘모리,L,3.13,12.2,3,486.0,23.2,10.2,가을,하루절임,12.3,12.2,True,24,1560,1.58,4,좋음,,1.36,13.8,0.29,12.6
162,5,completed,2024-09-15T10:51:20.254271,2024-09-16T15:30:20.254271,bulam3,불암3호,M,2.98,13.3,2,490.0,20.3,16.8,가을,하루절임,12.5,15.8,True,21,1719,1.92,4,좋음,,1.21,17.2,0.16,14.9
163,7,completed,2024-09-16T12:06:39.475367,2024-09-17T16:11:39.475367,bulamplus,불암플러스,L,3.18,11.0,4,575.0,22.0,18.6,가을,하루절임,12.5,16.2,True,23,1685,1.97,4,좋음,,1.25,15.9,0.25,14.9
164,6,completed,2024-09-17T09:32:03.481247,2024-09-18T11:55:03.481247,cheongomabi,천고마비,L,3.2,11.7,2,688.0,22.0,18.0,가을,하루절임,12.7,14.3,True,16,1583,1.74,4,좋음,,1.06,14.9,0.23,14.1
165,6,completed,2024-09-18T14:48:22.997458,2024-09-19T20:13:22.997458,bulamplus,불암플러스,XL,3.61,15.9,3,689.0,22.4,12.2,가을,하루절임,12.5,16.3,True,25,1765,1.89,5,좋음,,1.24,17.7,0.29,15.6
166,5,completed,2024-09-19T13:36:24.710192,2024-09-20T16:32:24.710192,bulam3,불암3호,L,3.11,12.3,2,623.0,21.7,16.3,가을,하루절임,12.1,16.7,True,15,1616,1.8,4,좋음,,1.03,17.8,0.19,15.2
167,2,completed,2024-09-20T10:01:19.670321,2024-09-21T18:01:19.670321,giwunchan,기운찬,L,3.38,13.1,3,420.0,23.5,21.6,가을,하루절임,12.6,12.4,True,23,1920,2.17,3,나쁨,염도 초과,1.24,10.7,0.23,14.2
168,4,completed,2024-09-21T08:02:36.224393,2024-09-22T12:20:36.224393,hwimori,휘모리,L,3.04,13.4,2,406.0,20.2,19.3,가을,하루절임,12.5,16.9,True,21,1698,2.02,3,양호,,1.02,16.3,0.25,15.9
169,4,completed,2024-09-22T12:25:27.791709,2024-09-23T17:59:27.791709,cheongomabi,천고마비,M,2.91,16.6,2,548.0,22.9,14.3,가을,하루절임,12.2,17.5,True,19,1774,2.02,3,양호,,1.15,18.8,0.16,16.6
170,7,completed,2024-09-23T11:01:53.554503,2024-09-24T18:12:53.554503,bulamplus,불암플러스,L,3.1,13.7,4,529.0,20.2,13.7,가을,하루절임,12.3,15.2,True,15,1871,1.96,4,좋음,,1.11,15.9,0.19,17.2
171,1,completed,2024-09-24T12:25:40.972813,2024-09-25T15:02:40.972813,cheongomabi,천고마비,L,3.33,15.4,4,404.0,21.2,17.9,가을,하루절임,12.8,17.0,True,22,1597,1.94,4,좋음,정상 진행,1.34,17.3,0.16,17.9
172,6,completed,2024-09-26T10:01:26.017807,2024-09-27T12:40:26.017807,giwunchan,기운찬,L,3.18,10.4,2,505.0,20.3,15.3,가을,하루절임,12.2,15.1,True,20,1599,1.81,5,좋음,,1.29,16.9,0.21,15.4
173,1,completed,2024-09-27T14:41:19.180101,2024-09-29T07:31:19.180101,hwanggeumstar,황금스타,L,3.22,13.8,4,589.0,22.9,16.5,가을,이틀절임,11.4,12.7,True,30,2450,1.88,5,좋음,,1.35,11.5,0.18,12.5
174,6,completed,2024-09-29T14:35:34.581753,2024-09-30T17:14:34.581753,cheongmyung,청명가을,M,2.74,10.1,3,407.0,20.7,10.9,가을,하루절임,12.5,15.1,True,21,1599,2.02,4,양호,,1.03,16.7,0.24,14.6
175,2,completed,2024-10-01T08:00:00,2024-10-02T10:07:00,hwimori,휘모리,L,3.39,11.6,3,548.0,20.2,16.2,가을,하루절임,12.5,15.2,True,21,1567,1.78,4,좋음,정상 진행,1.22,15.2,0.18,15.6
176,4,completed,2024-10-02T09:00:40.748474,2024-10-03T13:23:40.748474,giwunchan,기운찬,M,2.94,17.5,4,528.0,21.8,11.5,가을,하루절임,12.9,14.7,True,16,1703,2.02,3,양호,,1.05,14.2,0.29,15.4
177,7,completed,2024-10-03T09:31:17.320028,2024-10-04T15:33:17.320028,bulam3,불암3호,M,2.89,15.1,2,685.0,23.4,19.0,가을,하루절임,12.1,12.0,True,23,1802,1.92,4,좋음,,1.14,11.6,0.17,13.5
178,6,completed,2024-10-04T12:26:37.637834,2024-10-05T18:41:37.637834,bulamplus,불암플러스,L,3.31,18.0,3,418.0,23.1,13.1,가을,하루절임,12.4,13.9,True,22,1815,1.44,3,양호,,1.16,14.8,0.19,12.5
179,5,completed,2024-10-05T11:13:20.219925,2024-10-07T03:13:20.219925,cheongomabi,천고마비,M,2.88,9.7,4,431.0,21.6,15.8,가을,이틀절임,10.8,12.9,True,33,2400,1.89,5,좋음,,1.4,13.8,0.29,14.0
180,4,completed,2024-10-07T12:01:21.146726,2024-10-08T16:16:21.146726,giwunchan,기운찬,L,3.13,10.9,3,500.0,23.2,21.7,가을,하루절임,12.2,12.6,True,22,1695,1.74,5,좋음,,1.03,11.1,0.15,12.7
181,1,completed,2024-10-08T14:07:43.196054,2024-10-09T18:34:43.196054,cheongmyung,청명가을,L,3.08,13.9,2,625.0,22.2,14.8,가을,하루절임,12.4,13.8,True,19,1707,1.91,4,좋음,정상 진행,1.18,12.2,0.24,14.2
182,6,completed,2024-10-09T09:22:52.064936,2024-10-10T15:30:52.064936,bulam3,불암3호,L,3.0,17.3,3,575.0,21.2,17.5,가을,하루절임,12.3,14.4,True,23,1808,2.14,3,양호,,1.32,14.1,0.22,13.6
183,4,completed,2024-10-10T09:35:23.778291,2024-10-11T17:20:23.778291,bulamplus,불암플러스,L,3.29,13.1,4,495.0,20.3,17.3,가을,하루절임,12.2,13.3,True,25,1905,1.9,4,좋음,,1.37,13.7,0.16,12.4
184,3,completed,2024-10-11T13:45:59.348128,2024-10-12T18:57:59.348128,bulamplus,불암플러스,L,3.36,10.8,4,678.0,24.0,17.6,가을,하루절임,12.5,14.9,True,25,1752,1.57,4,좋음,,1.34,15.6,0.16,16.2
185,4,completed,2024-10-12T08:11:44.860560,2024-10-13T12:18:44.860560,bulam3,불암3호,L,3.28,13.3,4,624.0,23.4,10.0,가을,하루절임,12.4,13.6,True,20,1687,1.65,5,좋음,,1.11,12.4,0.3,12.6
186,3,completed,2024-10-13T10:37:12.382022,2024-10-14T14:27:12.382022,bulamplus,불암플러스,L,3.27,15.8,2,411.0,23.3,14.6,가을,하루절임,12.2,15.2,True,21,1670,1.75,5,좋음,,1.0,14.9,0.2,15.8
187,4,completed,2024-10-14T10:10:09.228672,2024-10-15T14:58:09.228672,hwimori,휘모리,L,3.05,16.1,4,573.0,21.7,14.8,가을,하루절임,12.3,17.0,True,20,1728,1.91,4,좋음,,1.18,17.6,0.18,15.7
188,4,completed,2024-10-15T14:13:48.342239,2024-10-16T22:13:48.342239,bulam3,불암3호,L,3.28,16.8,3,401.0,20.6,11.2,가을,하루절임,12.4,15.3,True,18,1920,2.07,3,양호,,1.08,14.1,0.22,14.7
189,3,completed,2024-10-16T11:09:15.928143,2024-10-17T17:59:15.928143,bulamplus,불암플러스,L,3.29,12.7,3,454.0,21.6,16.2,가을,하루절임,12.8,12.6,True,20,1850,1.72,4,좋음,,1.13,14.3,0.24,11.4
190,1,completed,2024-10-17T11:27:29.628486,2024-10-18T18:16:29.628486,hwiparam,휘파람골드,L,3.24,15.1,2,667.0,22.7,13.0,가을,하루절임,12.3,14.0,True,15,1849,1.99,4,좋음,,1.35,13.5,0.3,12.3
191,1,completed,2024-10-18T11:25:38.963473,2024-10-19T18:18:38.963473,bulam3,불암3호,L,3.31,15.9,2,651.0,21.7,11.4,가을,하루절임,12.3,13.1,True,19,1853,1.86,5,좋음,,1.24,12.9,0.21,13.5
192,3,completed,2024-10-19T12:00:32.635026,2024-10-20T19:52:32.635026,bulamplus,불암플러스,L,3.27,14.4,4,550.0,22.1,12.0,가을,하루절임,12.4,14.3,True,25,1912,1.93,4,좋음,,1.07,12.9,0.27,15.2
193,4,completed,2024-10-20T14:13:09.273810,2024-10-21T15:17:09.273810,cheongmyung,청명가을,L,3.17,14.7,4,665.0,23.8,19.1,가을,하루절임,12.5,13.9,True,21,1504,1.9,4,좋음,,1.01,14.3,0.17,14.4
194,5,completed,2024-10-22T08:47:40.874915,2024-10-23T10:38:40.874915,cheongmyung,청명가을,L,3.03,16.6,2,537.0,22.9,12.9,가을,하루절임,12.7,14.8,True,18,1551,2.14,3,나쁨,짠맛 강함,1.17,13.8,0.26,13.3
195,1,completed,2024-10-23T12:45:07.690076,2024-10-24T20:45:07.690076,hwiparam,휘파람골드,M,2.7,18.1,4,631.0,21.5,18.6,가을,하루절임,12.6,15.1,True,21,1920,1.84,5,좋음,,1.23,16.0,0.2,16.0
196,6,completed,2024-10-24T13:28:11.413141,2024-10-25T16:50:11.413141,bulamplus,불암플러스,L,3.45,11.7,3,658.0,21.0,12.7,가을,하루절임,12.6,17.1,True,17,1642,1.88,5,좋음,,1.31,18.3,0.25,16.5
197,6,completed,2024-10-25T08:53:37.410327,2024-10-26T10:35:37.410327,giwunchan,기운찬,L,3.17,11.8,2,509.0,20.1,17.5,가을,하루절임,12.5,17.7,True,19,1542,2.09,3,양호,,1.09,18.0,0.24,17.6
198,3,completed,2024-10-26T14:03:10.263850,2024-10-27T16:52:10.263850,giwunchan,기운찬,L,3.13,13.5,3,459.0,22.2,12.6,가을,하루절임,12.6,14.9,True,24,1609,1.81,5,좋음,,1.07,12.9,0.28,14.9
199,6,completed,2024-10-27T14:27:08.585779,2024-10-29T07:46:08.585779,bulamplus,불암플러스,L,3.27,15.9,4,647.0,20.8,11.3,가을,이틀절임,10.8,13.4,True,34,2479,1.78,5,좋음,,1.08,14.3,0.19,12.9
200,5,completed,2024-10-29T10:35:16.974095,2024-10-30T16:59:16.974095,cheongomabi,천고마비,L,3.3,12.8,3,432.0,21.0,13.9,가을,하루절임,12.7,14.9,True,22,1824,1.84,5,좋음,,1.33,15.7,0.17,16.0
201,7,completed,2024-10-30T13:20:49.224942,2024-10-31T17:44:49.224942,bulamplus,불암플러스,L,3.49,12.3,3,540.0,21.8,14.0,가을,하루절임,12.7,16.1,True,19,1704,1.78,5,좋음,,1.08,14.4,0.25,17.4
202,3,completed,2024-11-01T08:00:00,2024-11-02T14:21:00,bulam3,불암3호,L,3.04,14.2,4,622.0,23.8,20.7,가을,하루절임,12.3,14.4,True,24,1821,1.88,4,좋음,,1.17,13.5,0.29,13.3
203,7,completed,2024-11-02T11:07:11.016878,2024-11-03T12:21:11.016878,cheongmyung,청명가을,L,3.24,16.5,2,514.0,21.8,14.8,가을,하루절임,12.4,13.2,True,16,1514,1.57,4,좋음,정상 진행,1.17,14.6,0.2,15.2
204,3,completed,2024-11-03T11:01:29.927468,2024-11-05T03:01:29.927468,cheongomabi,천고마비,M,2.89,15.9,2,569.0,20.5,11.9,가을,이틀절임,11.3,16.2,True,30,2400,2.27,2,나쁨,과절임,1.36,16.0,0.28,17.4
205,3,completed,2024-11-05T11:57:16.030065,2024-11-06T12:35:16.030065,bulam3,불암3호,L,3.06,14.9,4,429.0,22.0,20.0,가을,하루절임,12.1,15.4,True,23,1478,1.72,5,좋음,,1.15,13.6,0.18,14.1
206,2,completed,2024-11-06T14:15:33.992455,2024-11-07T18:26:33.992455,bulamplus,불암플러스,L,3.29,17.7,2,589.0,23.3,16.9,가을,하루절임,12.2,14.7,True,24,1691,1.62,5,좋음,,1.39,16.6,0.18,16.0
207,6,completed,2024-11-07T09:53:07.719724,2024-11-08T13:46:07.719724,bulamplus,불암플러스,L,3.48,13.5,4,634.0,22.3,16.4,가을,하루절임,12.5,12.3,True,23,1673,1.85,4,좋음,,1.1,12.5,0.2,14.0
208,4,completed,2024-11-08T08:48:12.859758,2024-11-09T09:42:12.859758,bulam3,불암3호,M,2.91,17.8,2,517.0,20.6,15.0,가을,하루절임,12.2,15.5,True,20,1494,2.05,3,양호,,1.14,14.6,0.3,15.0
209,4,completed,2024-11-09T08:40:46.849357,2024-11-10T16:40:46.849357,hwiparam,휘파람골드,L,3.13,18.6,3,628.0,20.9,11.2,가을,하루절임,12.6,18.0,True,24,1920,1.85,5,좋음,,1.35,18.7,0.16,16.4
210,1,completed,2024-11-10T08:36:08.737246,2024-11-11T13:40:08.737246,bulam3,불암3호,L,3.05,15.4,4,527.0,21.6,18.9,가을,하루절임,12.8,14.1,True,22,1744,1.92,4,좋음,,1.13,13.7,0.2,15.4
211,5,completed,2024-11-11T10:22:00.133624,2024-11-12T18:03:00.133624,hwimori,휘모리,L,3.41,13.5,3,430.0,22.9,17.7,가을,하루절임,12.5,13.9,True,17,1901,1.93,4,좋음,,1.29,15.4,0.27,14.4
212,7,completed,2024-11-12T09:28:03.698458,2024-11-13T08:44:03.698458,bulam3,불암3호,L,3.27,12.2,3,467.0,22.8,12.6,가을,하루절임,12.4,17.3,True,18,1396,1.82,4,좋음,,1.17,18.4,0.17,16.9
213,3,completed,2024-11-13T13:43:58.821492,2024-11-14T21:20:58.821492,bulamplus,불암플러스,XL,3.58,18.4,2,630.0,23.9,17.0,가을,하루절임,13.0,17.2,True,15,1897,1.95,4,양호,,1.07,16.8,0.18,19.1
214,7,completed,2024-11-14T10:28:12.287854,2024-11-15T10:30:12.287854,bulam3,불암3호,L,3.42,10.5,4,418.0,21.5,12.0,가을,하루절임,12.5,17.8,True,15,1442,1.62,5,좋음,,1.32,16.3,0.29,19.5
215,2,completed,2024-11-15T12:33:03.463293,2024-11-16T17:54:03.463293,cheongmyung,청명가을,L,3.06,17.6,3,681.0,23.7,16.6,가을,하루절임,12.4,14.3,True,16,1761,1.86,5,좋음,,1.15,14.3,0.22,13.6
216,7,completed,2024-11-16T11:50:57.917529,2024-11-17T14:10:57.917529,bulamplus,불암플러스,M,2.98,17.5,2,684.0,21.2,17.0,가을,하루절임,12.5,17.4,True,25,1580,1.75,4,좋음,,1.15,19.0,0.17,16.6
217,2,completed,2024-11-17T14:21:49.068060,2024-11-18T20:17:49.068060,other,기타,L,3.06,16.7,2,447.0,22.4,17.5,가을,하루절임,12.9,13.5,True,25,1796,2.02,3,양호,,1.37,13.1,0.23,12.6
218,1,completed,2024-11-18T08:48:34.956085,2024-11-20T01:36:34.956085,bulamplus,불암플러스,L,3.09,11.2,3,460.0,22.1,10.4,가을,이틀절임,10.6,14.9,True,30,2448,1.95,4,좋음,,1.16,15.0,0.24,13.6
219,1,completed,2024-11-20T09:57:15.078862,2024-11-21T07:03:15.078862,cheongomabi,천고마비,M,2.86,9.9,3,631.0,20.5,12.7,가을,하루절임,12.6,15.8,True,16,1266,1.64,4,좋음,,1.18,17.4,0.29,17.3
220,2,completed,2024-11-21T10:35:58.280592,2024-11-23T05:50:58.280592,cheongomabi,천고마비,L,3.16,16.7,2,608.0,21.5,18.0,가을,이틀절임,11.2,13.6,True,39,2595,2.1,3,양호,,1.36,13.2,0.23,14.1
221,7,completed,2024-11-23T10:44:12.784482,2024-11-25T02:44:12.784482,cheongmyung,청명가을,L,3.1,10.9,3,429.0,20.2,20.6,가을,이틀절임,11.0,14.8,True,30,2400,2.06,3,양호,,1.28,13.9,0.3,14.2
222,4,completed,2024-11-25T14:42:31.246763,2024-11-26T15:16:31.246763,cheongomabi,천고마비,M,2.88,16.1,4,403.0,22.3,13.6,가을,하루절임,12.5,13.2,True,21,1474,1.7,4,좋음,,1.15,11.8,0.27,14.3
223,7,completed,2024-11-26T08:47:37.926022,2024-11-28T00:47:37.926022,bulamplus,불암플러스,M,2.99,15.4,3,589.0,21.3,18.0,가을,이틀절임,10.6,15.7,True,32,2400,1.76,5,좋음,,1.17,17.0,0.26,15.8
224,7,completed,2024-11-28T10:18:55.696645,2024-11-29T18:15:55.696645,bulam3,불암3호,L,3.15,17.2,2,586.0,23.3,11.0,가을,하루절임,12.7,16.6,True,15,1917,2.16,3,나쁨,염도 초과,1.3,16.1,0.29,18.1
225,2,completed,2024-11-29T14:40:22.028751,2024-11-30T20:53:22.028751,bulamplus,불암플러스,XL,3.52,16.1,2,445.0,23.8,12.6,가을,하루절임,12.5,12.1,True,19,1813,1.69,4,좋음,,1.05,11.2,0.26,13.3
226,4,completed,2024-12-01T08:00:00,2024-12-03T08:00:00,bulamplus,불암플러스,XL,4.34,19.8,4,590.0,23.6,2.1,겨울,이틀절임,10.3,9.1,True,40,2880,1.38,3,양호,,1.08,10.3,0.18,10.8
227,1,completed,2024-12-03T10:46:03.227067,2024-12-05T10:17:03.227067,giwunchan,기운찬,XL,3.96,14.8,4,527.0,23.3,-4.8,겨울,이틀절임,10.1,9.0,True,35,2851,1.56,4,좋음,균일 절임,1.06,7.4,0.17,9.9
228,4,completed,2024-12-05T10:05:09.946363,2024-12-07T07:28:09.946363,bulamplus,불암플러스,XL,3.65,13.3,4,593.0,21.6,-2.7,겨울,이틀절임,10.8,11.3,True,42,2723,1.66,5,좋음,,1.15,10.9,0.28,12.3
229,1,completed,2024-12-07T10:25:41.737017,2024-12-09T10:25:41.737017,cheongomabi,천고마비,XL,3.61,20.6,5,554.0,21.6,-2.2,겨울,이틀절임,10.8,8.2,True,38,2880,1.75,5,좋음,,1.38,6.6,0.21,8.8
230,3,completed,2024-12-09T10:04:18.166130,2024-12-11T10:04:18.166130,hwiparam,휘파람골드,XL,3.73,23.1,4,443.0,21.8,9.0,겨울,이틀절임,10.9,11.9,True,36,2880,1.77,5,좋음,,1.33,11.6,0.29,11.9
231,3,completed,2024-12-11T08:18:43.484048,2024-12-13T08:18:43.484048,bulam3,불암3호,XL,3.98,17.4,4,598.0,21.5,3.3,겨울,이틀절임,10.7,8.6,True,40,2880,1.48,3,양호,,1.22,10.4,0.26,9.3
232,3,completed,2024-12-13T11:07:10.983801,2024-12-14T12:26:10.983801,giwunchan,기운찬,XL,3.66,15.9,5,646.0,20.9,0.3,겨울,하루절임,14.3,9.6,True,36,1519,1.75,4,좋음,정상 진행,1.18,8.1,0.29,10.2
233,2,completed,2024-12-14T11:23:01.877628,2024-12-15T19:23:01.877628,bulamplus,불암플러스,XL,4.31,19.3,5,413.0,22.0,-4.5,겨울,하루절임,13.5,9.3,True,42,1920,1.65,4,좋음,,1.05,10.8,0.27,11.0
234,6,completed,2024-12-15T11:17:25.136522,2024-12-16T12:14:25.136522,hwimori,휘모리,XL,3.57,20.8,4,576.0,22.8,2.4,겨울,하루절임,13.8,11.6,True,37,1497,1.66,5,좋음,,1.24,9.7,0.22,12.8
235,6,completed,2024-12-16T13:23:30.353238,2024-12-18T13:23:30.353238,hwimori,휘모리,M,2.98,17.7,5,527.0,20.3,-1.1,겨울,이틀절임,10.4,11.8,True,41,2880,1.56,4,좋음,,1.03,12.5,0.28,10.4
236,2,completed,2024-12-18T08:36:48.175329,2024-12-19T10:18:48.175329,bulamplus,불암플러스,XL,4.21,16.4,3,648.0,21.6,6.3,겨울,하루절임,13.8,8.2,True,41,1542,1.66,4,좋음,,1.16,8.1,0.27,9.9
237,3,completed,2024-12-19T10:58:27.486039,2024-12-21T10:58:27.486039,hwanggeumstar,황금스타,L,3.3,18.6,5,577.0,22.2,5.2,겨울,이틀절임,10.8,10.4,True,37,2880,1.72,5,좋음,,1.33,9.1,0.25,10.4
238,5,completed,2024-12-21T10:59:25.296181,2024-12-23T10:59:25.296181,hwiparam,휘파람골드,L,3.14,14.0,3,690.0,23.3,9.8,겨울,이틀절임,10.2,8.0,True,39,2880,1.43,3,양호,,1.22,7.3,0.18,9.2
239,5,completed,2024-12-23T09:34:57.547145,2024-12-25T09:34:57.547145,bulam3,불암3호,XL,3.69,18.1,4,643.0,20.5,-1.3,겨울,이틀절임,10.2,9.6,True,44,2880,1.55,4,좋음,,1.09,10.0,0.22,7.7
240,4,completed,2024-12-25T13:04:07.865757,2024-12-27T13:04:07.865757,giwunchan,기운찬,XL,3.69,15.6,3,547.0,22.9,8.6,겨울,이틀절임,10.3,8.4,True,38,2880,1.61,4,좋음,,1.38,8.8,0.16,9.5
241,7,completed,2024-12-27T12:07:18.750611,2024-12-28T16:16:18.750611,hwiparam,휘파람골드,XL,3.67,14.9,3,474.0,20.0,7.8,겨울,하루절임,14.0,11.1,True,35,1689,1.68,4,좋음,,1.23,12.5,0.21,10.1
242,2,completed,2024-12-28T14:31:34.569466,2024-12-30T11:53:34.569466,cheongmyung,청명가을,XL,3.53,15.4,4,435.0,23.6,0.7,겨울,이틀절임,10.0,9.2,True,42,2722,1.63,5,좋음,,1.07,11.2,0.17,10.0
243,5,completed,2024-12-30T09:40:00.693614,2025-01-01T09:40:00.693614,bulamplus,불암플러스,XL,3.57,19.0,4,587.0,21.1,-4.2,겨울,이틀절임,10.1,10.1,True,42,2880,1.66,5,좋음,,1.05,10.8,0.27,9.5
244,6,completed,2025-01-01T08:00:00,2025-01-03T08:00:00,cheongomabi,천고마비,XL,3.88,19.3,5,556.0,21.1,3.9,겨울,이틀절임,10.2,11.6,True,35,2880,1.62,4,좋음,,1.38,12.0,0.21,13.0
245,2,completed,2025-01-03T09:21:22.786688,2025-01-05T09:21:22.786688,hwimori,휘모리,XL,3.94,14.0,3,639.0,20.0,3.1,겨울,이틀절임,10.1,10.0,True,45,2880,1.56,4,좋음,,1.19,9.8,0.29,9.2
246,2,completed,2025-01-05T11:51:50.566741,2025-01-06T19:21:50.566741,giwunchan,기운찬,XL,3.8,14.1,4,445.0,20.6,-3.8,겨울,하루절임,13.6,10.4,True,36,1890,1.89,4,좋음,,1.33,11.4,0.26,11.0
247,2,completed,2025-01-06T14:44:35.222108,2025-01-07T22:44:35.222108,bulam3,불암3호,XL,4.15,16.2,4,663.0,21.3,-4.4,겨울,하루절임,14.0,8.6,True,42,1920,1.75,4,좋음,,1.3,6.8,0.2,8.2
248,4,completed,2025-01-07T11:53:47.084113,2025-01-08T15:41:47.084113,other,기타,XL,3.73,14.3,4,650.0,20.9,-1.0,겨울,하루절임,14.4,11.6,True,38,1668,1.73,4,좋음,,1.22,12.7,0.28,13.3
249,6,completed,2025-01-08T09:34:48.935364,2025-01-09T12:21:48.935364,bulamplus,불암플러스,L,3.25,19.4,4,406.0,20.5,6.2,겨울,하루절임,14.2,9.0,True,45,1607,1.46,3,양호,,1.2,8.9,0.24,10.1
250,2,completed,2025-01-09T08:22:13.561682,2025-01-11T08:22:13.561682,bulamplus,불암플러스,XL,4.34,20.2,5,641.0,23.2,-3.7,겨울,이틀절임,10.1,8.3,True,37,2880,1.43,3,양호,,1.24,8.5,0.17,6.8
251,7,completed,2025-01-11T12:46:42.716306,2025-01-12T20:46:42.716306,bulamplus,불암플러스,L,3.19,21.4,4,474.0,22.1,1.4,겨울,하루절임,13.6,8.2,True,39,1920,1.67,4,좋음,정상 진행,1.12,9.2,0.26,9.9
252,6,completed,2025-01-12T12:55:05.207232,2025-01-13T19:05:05.207232,hwimori,휘모리,XL,3.71,14.0,4,626.0,20.2,8.8,겨울,하루절임,14.2,9.7,True,39,1810,1.66,4,좋음,,1.23,10.6,0.28,9.7
253,4,completed,2025-01-13T12:42:07.668965,2025-01-15T11:45:07.668965,bulam3,불암3호,L,3.41,16.0,5,523.0,22.3,-1.0,겨울,이틀절임,10.9,10.5,True,41,2823,1.81,4,좋음,,1.08,11.2,0.29,9.5
254,1,completed,2025-01-15T08:16:39.460706,2025-01-17T08:16:39.460706,hwiparam,휘파람골드,XL,3.74,22.4,5,538.0,21.2,1.2,겨울,이틀절임,10.1,11.5,True,39,2880,1.73,5,좋음,,1.23,13.2,0.29,12.0
255,7,completed,2025-01-17T08:20:32.452993,2025-01-19T08:00:32.452993,cheongomabi,천고마비,XL,3.76,11.4,3,456.0,22.9,5.8,겨울,이틀절임,10.7,9.7,True,39,2860,1.7,5,좋음,,1.04,11.4,0.24,8.1
256,7,completed,2025-01-19T13:40:48.571128,2025-01-21T10:14:48.571128,bulamplus,불암플러스,XL,3.5,14.4,5,619.0,23.7,2.3,겨울,이틀절임,10.8,12.0,True,40,2674,1.76,5,좋음,균일 절임,1.34,11.7,0.16,10.6
257,7,completed,2025-01-21T09:44:43.924879,2025-01-22T11:30:43.924879,bulam3,불암3호,XL,3.86,20.8,5,685.0,23.7,8.5,겨울,하루절임,14.5,11.7,True,42,1546,1.75,5,좋음,,1.05,11.6,0.29,12.0
258,5,completed,2025-01-22T12:11:30.202982,2025-01-23T10:59:30.202982,hwanggeumstar,황금스타,L,3.03,11.9,5,563.0,20.3,3.1,겨울,하루절임,14.0,8.3,True,36,1368,1.55,4,좋음,,1.19,6.5,0.16,8.9
259,1,completed,2025-01-23T13:21:50.356377,2025-01-25T13:21:50.356377,bulamplus,불암플러스,XL,3.82,16.9,5,437.0,21.7,7.0,겨울,이틀절임,11.0,10.0,True,40,2880,1.8,4,좋음,,1.31,10.1,0.16,9.1
260,5,completed,2025-01-25T13:25:19.828305,2025-01-26T16:30:19.828305,cheongomabi,천고마비,XL,3.7,17.5,5,619.0,21.6,-2.6,겨울,하루절임,13.9,9.0,True,37,1625,1.58,4,좋음,,1.01,7.3,0.21,8.6
261,5,completed,2025-01-26T12:52:06.153223,2025-01-27T18:50:06.153223,hwimori,휘모리,XL,3.85,20.9,4,472.0,22.8,2.8,겨울,하루절임,13.8,11.3,True,37,1798,1.66,4,좋음,,1.25,10.1,0.18,10.9
262,1,completed,2025-01-27T11:54:07.754043,2025-01-28T19:54:07.754043,giwunchan,기운찬,XL,4.1,18.1,5,549.0,23.8,9.9,겨울,하루절임,14.5,8.4,True,41,1920,1.64,4,좋음,,1.35,6.7,0.24,9.6
263,1,completed,2025-01-28T12:18:35.373497,2025-01-30T12:18:35.373497,hwimori,휘모리,L,3.41,18.1,3,576.0,23.0,1.1,겨울,이틀절임,10.7,8.7,True,38,2880,1.76,4,좋음,,1.13,9.7,0.16,7.4
264,7,completed,2025-01-30T10:03:30.132908,2025-02-01T10:03:30.132908,hwiparam,휘파람골드,L,3.35,14.4,5,654.0,21.7,3.4,겨울,이틀절임,10.6,11.6,True,43,2880,1.59,4,좋음,,1.17,12.1,0.27,13.1
265,7,completed,2025-02-01T13:38:59.237578,2025-02-02T21:38:59.237578,cheongomabi,천고마비,XL,3.89,20.7,4,427.0,22.1,-2.8,겨울,하루절임,14.1,11.1,True,45,1920,1.93,3,양호,,1.18,12.1,0.2,12.9
266,2,completed,2025-02-02T12:38:29.853674,2025-02-03T20:38:29.853674,bulamplus,불암플러스,XL,4.29,19.4,5,442.0,23.6,6.4,겨울,하루절임,14.5,11.3,True,35,1920,1.84,4,좋음,,1.23,13.2,0.26,10.3
267,2,completed,2025-02-03T12:09:08.146325,2025-02-04T19:57:08.146325,hwimori,휘모리,XL,3.94,15.9,3,656.0,23.3,-2.5,겨울,하루절임,13.5,11.0,True,45,1908,1.59,4,좋음,,1.26,11.5,0.16,10.5
268,4,completed,2025-02-04T11:28:18.944921,2025-02-06T11:28:18.944921,hwimori,휘모리,L,3.01,23.1,3,618.0,23.1,1.2,겨울,이틀절임,10.1,8.5,True,35,2880,1.59,4,좋음,,1.39,7.8,0.22,8.7
269,4,completed,2025-02-06T09:13:26.759124,2025-02-07T12:38:26.759124,bulam3,불암3호,L,3.36,14.6,3,618.0,20.7,3.7,겨울,하루절임,14.4,8.2,True,39,1645,1.7,5,좋음,,1.1,9.9,0.21,8.5
270,6,completed,2025-02-07T14:46:18.899746,2025-02-09T13:56:18.899746,cheongomabi,천고마비,XL,3.58,19.3,5,473.0,20.5,2.7,겨울,이틀절임,11.0,10.2,True,41,2830,1.67,4,좋음,,1.26,11.9,0.16,10.5
271,5,completed,2025-02-09T11:48:43.851970,2025-02-11T11:48:43.851970,other,기타,XL,3.64,18.8,3,529.0,22.4,-0.7,겨울,이틀절임,10.0,10.2,True,37,2880,1.76,4,좋음,,1.03,10.7,0.26,10.9
272,5,completed,2025-02-11T11:24:56.906863,2025-02-12T19:16:56.906863,bulam3,불암3호,XL,4.1,17.1,5,654.0,23.3,-3.1,겨울,하루절임,13.7,10.1,True,35,1912,1.63,4,좋음,,1.33,10.5,0.18,9.1
273,7,completed,2025-02-12T13:36:22.195548,2025-02-14T13:36:22.195548,bulamplus,불암플러스,XL,4.24,21.7,3,564.0,23.6,3.6,겨울,이틀절임,10.4,8.4,True,39,2880,1.33,3,나쁨,염도 미달,1.33,6.7,0.27,10.1
274,5,completed,2025-02-14T08:12:13.492401,2025-02-16T08:12:13.492401,cheongmyung,청명가을,L,3.12,19.5,3,652.0,20.8,-0.4,겨울,이틀절임,10.5,9.3,True,40,2880,1.63,4,좋음,,1.36,11.0,0.23,11.0
275,7,completed,2025-02-16T10:55:33.156642,2025-02-18T10:55:33.156642,hwimori,휘모리,XL,3.83,18.8,4,490.0,20.7,2.4,겨울,이틀절임,10.3,9.4,True,45,2880,1.48,3,양호,,1.27,8.5,0.19,9.5
276,5,completed,2025-02-18T11:37:13.876863,2025-02-20T11:37:13.876863,other,기타,XL,3.6,20.5,3,527.0,23.6,6.8,겨울,이틀절임,10.3,10.9,True,41,2880,1.74,4,좋음,,1.13,11.9,0.2,11.4
277,1,completed,2025-02-20T14:36:44.108686,2025-02-21T22:12:44.108686,bulamplus,불암플러스,XL,3.79,20.7,5,623.0,21.5,4.9,겨울,하루절임,13.6,9.0,True,35,1896,1.59,3,양호,,1.09,7.7,0.25,9.8
278,5,completed,2025-02-21T12:54:25.412422,2025-02-23T12:54:25.412422,bulamplus,불암플러스,XL,3.54,17.0,4,617.0,21.9,6.2,겨울,이틀절임,10.2,10.0,True,41,2880,1.7,5,좋음,,1.07,11.5,0.19,10.2
279,5,completed,2025-02-23T11:33:59.334837,2025-02-25T11:33:59.334837,hwimori,휘모리,L,3.35,15.2,5,617.0,23.5,5.0,겨울,이틀절임,10.2,9.4,True,43,2880,1.74,4,좋음,,1.08,9.8,0.16,11.3
280,2,completed,2025-02-25T09:46:45.880745,2025-02-27T09:46:45.880745,bulam3,불암3호,XL,4.04,21.2,4,523.0,23.0,-2.9,겨울,이틀절임,10.8,8.5,True,45,2880,1.42,3,나쁨,염도 미달,1.11,7.0,0.28,8.9
281,4,completed,2025-02-27T10:46:21.748892,2025-03-01T10:46:21.748892,cheongmyung,청명가을,XL,3.7,18.2,3,615.0,22.3,0.2,겨울,이틀절임,10.6,11.1,True,35,2880,1.7,4,좋음,,1.35,11.6,0.15,11.9
282,1,completed,2025-03-01T08:07:40.060597,2025-03-02T12:19:40.060597,cheongomabi,천고마비,XL,3.56,16.1,5,535.0,21.7,6.8,겨울,하루절임,13.9,10.5,True,44,1692,1.66,4,좋음,,1.27,10.3,0.17,8.6
283,4,completed,2025-03-02T13:03:56.845308,2025-03-04T13:03:56.845308,bulam3,불암3호,L,3.49,13.0,3,539.0,20.9,-3.8,겨울,이틀절임,10.9,8.2,True,40,2880,1.9,4,좋음,최상 품질,1.04,10.1,0.24,6.3
284,6,completed,2025-03-04T12:31:12.765872,2025-03-05T20:31:12.765872,hwiparam,휘파람골드,M,2.89,21.4,4,576.0,22.2,9.1,겨울,하루절임,14.2,8.3,True,45,1920,2.02,2,양호,,1.19,10.1,0.22,8.6
285,7,completed,2025-03-05T14:11:11.239522,2025-03-07T14:11:11.239522,bulamplus,불암플러스,XL,4.08,22.8,5,577.0,21.2,3.5,겨울,이틀절임,10.6,8.5,True,35,2880,1.52,4,좋음,정상 진행,1.12,9.1,0.15,9.8
286,5,completed,2025-03-08T10:19:19.834755,2025-03-09T14:03:19.834755,bulam3,불암3호,XL,3.54,20.8,4,557.0,22.9,-1.5,겨울,하루절임,14.5,11.9,True,40,1664,1.75,5,좋음,,1.06,12.8,0.21,13.7
287,1,completed,2025-03-09T13:40:08.920828,2025-03-11T13:40:08.920828,bulamplus,불암플러스,L,3.44,13.8,3,637.0,21.7,0.3,겨울,이틀절임,10.9,8.2,True,45,2880,1.76,4,좋음,,1.39,10.0,0.27,7.3
288,1,completed,2025-03-11T09:39:43.983552,2025-03-13T04:34:43.983552,hwanggeumstar,황금스타,L,3.05,16.0,5,534.0,22.3,1.4,겨울,이틀절임,10.1,10.5,True,39,2575,1.7,5,좋음,정상 진행,1.19,11.5,0.28,12.2
289,5,completed,2025-04-01T08:00:00,2025-04-02T12:36:00,hwimori,휘모리,S,2.26,12.1,4,444.0,21.1,15.3,봄,하루절임,12.8,13.7,True,16,1716,1.86,5,좋음,,1.19,13.1,0.25,13.2
290,1,completed,2025-04-02T08:30:39.163285,2025-04-03T09:19:39.163285,hwiparam,휘파람골드,S,2.34,14.0,4,642.0,20.8,13.8,봄,하루절임,12.7,13.6,True,17,1489,1.58,4,좋음,,1.06,14.9,0.29,12.9
291,5,completed,2025-04-03T11:21:09.988736,2025-04-04T14:06:09.988736,cheongmyung,청명가을,M,2.71,10.3,3,689.0,20.8,16.1,봄,하루절임,12.4,14.4,True,18,1605,1.98,4,좋음,,1.28,14.3,0.21,15.5
292,2,completed,2025-04-04T08:05:36.708416,2025-04-05T14:00:36.708416,bulamplus,불암플러스,S,2.48,16.1,4,645.0,21.0,19.6,봄,하루절임,13.0,14.6,True,15,1795,1.85,5,좋음,,1.19,13.5,0.2,15.0
293,5,completed,2025-04-05T08:29:33.585140,2025-04-06T16:16:33.585140,hwiparam,휘파람골드,S,2.3,17.5,4,452.0,20.5,18.1,봄,하루절임,12.2,14.8,True,20,1907,1.65,5,좋음,,1.1,14.0,0.25,15.8
294,5,completed,2025-04-06T14:53:55.921359,2025-04-07T22:53:55.921359,hwimori,휘모리,M,2.82,16.4,3,614.0,22.6,10.7,봄,하루절임,12.6,15.4,True,21,1920,1.65,4,좋음,정상 진행,1.1,16.1,0.2,14.4
295,3,completed,2025-04-07T12:56:09.508321,2025-04-08T11:54:09.508321,cheongomabi,천고마비,M,2.79,11.0,4,432.0,22.6,17.8,봄,하루절임,12.7,15.6,True,20,1378,1.99,3,좋음,,1.17,14.1,0.29,15.6
296,7,completed,2025-04-08T12:58:41.724344,2025-04-09T13:26:41.724344,cheongomabi,천고마비,S,2.43,11.8,3,457.0,21.5,11.1,봄,하루절임,12.7,12.2,True,23,1468,1.75,4,좋음,,1.33,11.3,0.2,13.2
297,6,completed,2025-04-09T10:01:34.104105,2025-04-10T13:11:34.104105,bulam3,불암3호,M,2.93,11.1,3,428.0,20.1,17.8,봄,하루절임,12.3,15.7,True,16,1630,1.87,5,좋음,,1.16,15.5,0.15,14.6
298,1,completed,2025-04-10T13:36:24.789111,2025-04-11T17:54:24.789111,hwimori,휘모리,M,2.71,12.8,4,422.0,20.1,19.6,봄,하루절임,12.4,13.7,True,16,1698,1.9,5,좋음,,1.28,14.4,0.17,12.9
299,6,completed,2025-04-11T08:34:38.902633,2025-04-12T08:21:38.902633,giwunchan,기운찬,S,2.4,8.7,4,578.0,23.8,15.2,봄,하루절임,12.1,12.7,True,22,1427,1.47,3,양호,,1.04,13.0,0.3,13.1
300,7,completed,2025-04-12T14:06:45.158384,2025-04-13T13:01:45.158384,cheongomabi,천고마비,M,2.65,13.3,2,623.0,20.9,19.8,봄,하루절임,12.1,15.2,True,24,1375,1.88,4,좋음,,1.18,15.6,0.18,16.1
301,2,completed,2025-04-13T12:32:51.832371,2025-04-14T14:09:51.832371,hwimori,휘모리,S,2.47,10.6,4,691.0,21.2,21.0,봄,하루절임,12.3,14.2,True,15,1537,1.77,4,좋음,,1.04,15.3,0.29,12.6
302,3,completed,2025-04-14T10:51:51.789815,2025-04-15T15:20:51.789815,giwunchan,기운찬,M,2.57,13.5,2,450.0,20.1,18.6,봄,하루절임,12.2,13.5,True,19,1709,1.84,5,좋음,,1.38,13.5,0.26,14.3
303,3,completed,2025-04-15T12:03:02.429007,2025-04-16T12:23:02.429007,giwunchan,기운찬,M,2.56,8.2,2,600.0,23.3,10.6,봄,하루절임,12.3,15.9,True,25,1460,2.13,3,나쁨,과절임,1.3,14.9,0.21,16.2
304,1,completed,2025-04-16T11:04:41.531366,2025-04-17T13:13:41.531366,bulam3,불암3호,M,2.7,12.6,4,406.0,22.3,21.3,봄,하루절임,12.5,15.6,True,16,1569,1.91,4,좋음,,1.25,16.9,0.16,14.5
305,3,completed,2025-04-17T11:11:34.311012,2025-04-18T14:35:34.311012,bulam3,불암3호,S,2.43,8.5,2,598.0,22.3,19.3,봄,하루절임,12.2,12.9,True,20,1644,1.81,5,좋음,,1.37,12.7,0.26,14.9
306,7,completed,2025-04-18T11:20:51.641194,2025-04-19T16:35:51.641194,hwimori,휘모리,S,2.37,15.0,3,494.0,21.6,12.8,봄,하루절임,12.4,15.4,True,17,1755,1.66,5,좋음,,1.27,15.7,0.22,16.5
307,5,completed,2025-04-19T10:21:26.097513,2025-04-20T17:15:26.097513,hwimori,휘모리,M,2.86,13.6,3,607.0,21.9,18.4,봄,하루절임,12.6,12.4,True,15,1854,1.81,5,좋음,균일 절임,1.39,10.9,0.29,10.6
308,2,completed,2025-04-20T10:41:46.524180,2025-04-21T15:31:46.524180,giwunchan,기운찬,M,2.9,14.0,2,526.0,23.8,14.3,봄,하루절임,12.2,14.4,True,15,1730,2.05,3,양호,,1.37,14.2,0.22,14.0
309,2,completed,2025-04-21T12:34:11.463309,2025-04-22T11:17:11.463309,bulam3,불암3호,S,2.32,9.3,4,427.0,22.7,19.8,봄,하루절임,12.1,15.9,True,19,1363,1.69,4,좋음,,1.14,16.5,0.25,15.0
310,6,completed,2025-04-22T14:32:36.232995,2025-04-23T17:38:36.232995,cheongmyung,청명가을,M,2.67,15.3,4,685.0,22.5,18.9,봄,하루절임,12.1,15.7,True,18,1626,2.07,3,양호,,1.28,15.2,0.25,15.7
311,3,completed,2025-04-23T13:17:50.861712,2025-04-24T15:45:50.861712,cheongmyung,청명가을,S,2.44,13.2,4,481.0,21.3,15.4,봄,하루절임,12.9,14.3,True,19,1588,2.07,3,양호,,1.25,16.1,0.23,15.6
312,2,completed,2025-04-24T11:38:23.274861,2025-04-25T13:17:23.274861,hwiparam,휘파람골드,M,2.57,12.3,3,455.0,23.4,12.9,봄,하루절임,13.0,13.8,True,17,1539,1.7,4,좋음,,1.36,15.4,0.15,14.4
313,3,completed,2025-04-25T12:52:24.843586,2025-04-26T11:30:24.843586,hwanggeumstar,황금스타,S,2.19,10.4,4,534.0,23.7,16.7,봄,하루절임,12.2,13.3,True,25,1358,2.01,3,양호,,1.08,12.1,0.24,12.7
314,2,completed,2025-04-26T14:25:01.398628,2025-04-27T17:31:01.398628,hwanggeumstar,황금스타,M,2.53,12.0,4,657.0,23.1,14.1,봄,하루절임,13.0,14.9,True,20,1626,2.1,3,양호,,1.16,16.5,0.23,14.7
315,7,completed,2025-05-01T08:00:00,2025-05-02T15:17:00,other,기타,M,2.86,14.6,2,514.0,20.4,15.9,봄,하루절임,12.1,12.6,True,25,1877,1.86,4,좋음,,1.24,11.6,0.17,12.8
316,7,completed,2025-05-02T09:45:07.972189,2025-05-03T09:45:07.972189,cheongomabi,천고마비,M,2.96,9.0,3,522.0,21.5,19.9,봄,하루절임,13.0,14.5,True,18,1440,1.84,5,좋음,최상 품질,1.2,13.0,0.25,13.1
317,4,completed,2025-05-03T14:45:35.141103,2025-05-04T19:03:35.141103,hwanggeumstar,황금스타,S,2.41,11.9,3,522.0,22.3,16.3,봄,하루절임,12.2,12.9,True,22,1698,2.02,3,양호,,1.23,12.2,0.18,11.5
318,3,completed,2025-05-04T12:04:13.394244,2025-05-05T09:54:13.394244,cheongmyung,청명가을,M,2.51,10.8,3,569.0,21.8,21.1,봄,하루절임,12.7,13.9,True,15,1310,1.72,4,좋음,,1.39,14.9,0.28,15.7
319,7,completed,2025-05-05T13:16:17.021779,2025-05-06T15:31:17.021779,bulam3,불암3호,M,2.73,11.2,4,577.0,23.0,12.9,봄,하루절임,12.9,14.8,True,19,1575,1.94,4,좋음,최상 품질,1.39,16.8,0.26,14.6
320,1,completed,2025-05-06T11:48:55.742506,2025-05-07T11:34:55.742506,hwimori,휘모리,M,2.84,11.6,3,589.0,23.1,14.4,봄,하루절임,12.6,13.9,True,17,1426,1.56,4,양호,,1.01,14.1,0.29,15.7
321,2,completed,2025-05-07T13:57:25.084894,2025-05-08T14:46:25.084894,hwimori,휘모리,M,2.77,16.9,2,666.0,22.6,17.8,봄,하루절임,12.4,15.9,True,19,1489,1.93,4,좋음,,1.05,14.4,0.21,17.9
322,2,completed,2025-05-08T09:01:39.638179,2025-05-09T09:22:39.638179,bulamplus,불암플러스,M,2.74,14.6,2,601.0,21.7,15.5,봄,하루절임,12.0,15.7,True,21,1461,1.61,5,좋음,균일 절임,1.32,16.9,0.27,17.4
323,7,completed,2025-05-09T09:42:27.015716,2025-05-10T13:56:27.015716,bulam3,불암3호,M,2.56,11.5,4,524.0,23.3,17.9,봄,하루절임,12.7,14.2,True,16,1694,1.79,5,좋음,,1.37,15.1,0.17,13.2
324,1,completed,2025-05-10T12:49:35.758319,2025-05-11T14:51:35.758319,giwunchan,기운찬,S,2.36,15.8,2,559.0,23.9,10.5,봄,하루절임,13.0,14.8,True,23,1562,1.87,4,좋음,,1.2,14.4,0.19,13.7
325,3,completed,2025-05-11T10:54:00.318667,2025-05-12T14:16:00.318667,bulam3,불암3호,S,2.42,13.4,4,643.0,22.4,17.8,봄,하루절임,12.2,15.4,True,18,1642,1.68,5,좋음,,1.27,15.4,0.24,17.0
326,5,completed,2025-05-12T09:10:08.075754,2025-05-13T08:04:08.075754,giwunchan,기운찬,S,2.49,11.6,3,542.0,23.2,11.9,봄,하루절임,12.2,13.4,True,21,1374,1.53,4,좋음,,1.04,13.7,0.23,12.4
327,2,completed,2025-05-13T10:48:47.786797,2025-05-14T10:20:47.786797,cheongmyung,청명가을,S,2.21,10.9,4,678.0,23.7,16.0,봄,하루절임,12.5,14.6,True,20,1412,1.81,4,좋음,,1.21,13.5,0.26,16.3
328,7,completed,2025-05-14T11:53:14.086140,2025-05-15T15:51:14.086140,cheongomabi,천고마비,M,2.75,12.2,2,535.0,22.1,15.2,봄,하루절임,12.8,15.3,True,18,1678,2.05,4,양호,,1.04,17.2,0.18,16.0
329,2,completed,2025-05-15T09:57:35.052312,2025-05-16T13:24:35.052312,giwunchan,기운찬,M,2.77,14.8,4,691.0,21.4,12.2,봄,하루절임,12.7,14.9,True,16,1647,1.62,4,좋음,,1.37,15.7,0.2,15.3
330,6,completed,2025-05-16T09:34:52.670823,2025-05-17T13:31:52.670823,bulamplus,불암플러스,M,2.55,14.1,4,647.0,20.6,14.7,봄,하루절임,13.0,13.5,True,21,1677,1.81,5,좋음,,1.17,15.5,0.2,14.6
331,1,completed,2025-05-17T08:35:28.885958,2025-05-18T10:14:28.885958,hwimori,휘모리,S,2.46,14.5,3,568.0,22.7,20.2,봄,하루절임,12.3,13.1,True,23,1539,1.67,5,좋음,,1.05,14.7,0.15,12.7
332,5,completed,2025-05-18T11:18:30.407940,2025-05-19T13:27:30.407940,cheongomabi,천고마비,M,2.95,9.0,4,650.0,21.4,11.3,봄,하루절임,12.6,12.9,True,23,1569,1.72,5,좋음,,1.16,13.3,0.28,13.3
333,3,completed,2025-05-19T10:24:25.312698,2025-05-20T17:09:25.312698,bulam3,불암3호,M,2.7,14.6,4,599.0,23.6,13.5,봄,하루절임,12.1,13.8,True,22,1845,1.96,4,좋음,,1.05,13.1,0.2,14.2
334,2,completed,2025-05-20T11:49:09.708212,2025-05-21T11:31:09.708212,bulamplus,불암플러스,M,2.51,8.5,2,465.0,22.5,17.9,봄,하루절임,12.0,13.8,True,22,1422,1.68,4,좋음,,1.09,13.3,0.18,14.9
335,7,completed,2025-05-21T13:47:49.877189,2025-05-22T14:07:49.877189,giwunchan,기운찬,M,2.85,11.7,3,574.0,22.8,21.8,봄,하루절임,12.3,13.8,True,24,1460,1.58,3,좋음,,1.33,13.5,0.2,12.1
336,3,completed,2025-05-22T10:26:40.051133,2025-05-23T08:52:40.051133,cheongmyung,청명가을,S,2.4,9.6,4,415.0,22.0,20.4,봄,하루절임,12.7,13.4,True,18,1346,1.82,4,좋음,,1.23,14.3,0.24,15.0
337,3,completed,2025-05-23T14:08:43.505513,2025-05-24T22:08:43.505513,hwimori,휘모리,M,2.67,16.1,2,539.0,23.7,19.0,봄,하루절임,12.9,14.1,True,19,1920,2.22,2,나쁨,과절임,1.35,15.5,0.24,15.5
338,3,completed,2025-05-24T12:03:42.288332,2025-05-25T15:02:42.288332,hwiparam,휘파람골드,S,2.47,12.5,2,466.0,23.2,11.1,봄,하루절임,12.3,15.3,True,23,1619,1.85,5,좋음,,1.28,14.6,0.23,13.7
339,1,completed,2025-05-25T10:20:25.219148,2025-05-26T07:50:25.219148,cheongmyung,청명가을,M,2.66,9.5,2,672.0,23.7,19.5,봄,하루절임,12.2,14.1,True,21,1290,1.61,4,좋음,균일 절임,1.35,14.6,0.19,15.4
340,6,completed,2025-05-26T08:12:10.904027,2025-05-27T07:56:10.904027,hwimori,휘모리,M,2.59,10.5,3,443.0,21.7,15.1,봄,하루절임,12.5,15.7,True,16,1424,1.79,4,좋음,최상 품질,1.01,14.7,0.18,13.7
341,5,completed,2025-05-27T10:12:27.443633,2025-05-28T10:40:27.443633,cheongmyung,청명가을,M,2.83,9.3,2,519.0,21.4,19.5,봄,하루절임,12.9,15.9,True,16,1468,2.15,3,양호,,1.04,16.4,0.17,16.9
342,5,completed,2025-05-28T11:01:07.765721,2025-05-29T15:32:07.765721,giwunchan,기운찬,S,2.41,11.1,3,660.0,22.3,12.5,봄,하루절임,12.1,12.7,True,22,1711,1.65,5,좋음,균일 절임,1.03,12.1,0.21,12.9
343,1,completed,2025-05-29T12:20:37.944666,2025-05-30T16:29:37.944666,bulam3,불암3호,S,2.4,15.6,4,690.0,20.1,15.5,봄,하루절임,12.1,14.5,True,15,1689,1.52,4,좋음,,1.09,13.7,0.28,16.2
344,4,completed,2025-05-30T08:41:58.878101,2025-05-31T12:06:58.878101,bulam3,불암3호,S,2.45,12.7,2,443.0,22.9,21.2,봄,하루절임,12.6,14.9,True,19,1645,1.87,5,좋음,,1.05,13.3,0.25,14.2
345,7,completed,2025-06-01T08:00:00,2025-06-02T04:08:00,hwimori,휘모리,M,2.94,12.2,3,582.0,24.1,29.1,여름,하루절임,12.9,21.9,True,23,1208,1.94,3,좋음,,1.21,20.9,0.19,22.8
346,1,completed,2025-06-02T08:39:38.528729,2025-06-03T04:39:38.528729,bulam3,불암3호,M,2.84,10.1,1,436.0,22.5,33.0,여름,하루절임,13.5,20.1,True,21,1200,1.95,4,좋음,,1.23,20.5,0.19,21.7
347,6,completed,2025-06-03T11:09:32.175535,2025-06-04T07:09:32.175535,bulam3,불암3호,S,2.4,12.9,3,405.0,22.6,32.7,여름,하루절임,13.2,23.6,False,0,1200,1.78,5,좋음,,1.03,22.0,0.15,25.2
348,6,completed,2025-06-04T08:31:35.793892,2025-06-05T04:47:35.793892,hwimori,휘모리,S,2.41,13.3,3,674.0,25.0,28.1,여름,하루절임,13.5,22.9,True,17,1216,1.86,5,좋음,,1.12,23.2,0.3,24.8
349,2,completed,2025-06-05T10:51:24.662211,2025-06-06T07:23:24.662211,hwiparam,휘파람골드,S,2.46,12.8,2,564.0,25.8,26.5,여름,하루절임,13.1,21.3,True,24,1232,1.95,4,양호,,1.39,20.1,0.16,22.1
350,7,completed,2025-06-06T11:35:24.651817,2025-06-07T07:35:24.651817,hwimori,휘모리,M,2.91,6.2,2,410.0,22.1,28.0,여름,하루절임,13.3,23.7,False,0,1200,2.03,3,양호,,1.21,23.6,0.28,21.9
351,1,completed,2025-06-07T12:55:13.208170,2025-06-08T08:55:13.208170,cheongmyung,청명가을,M,2.72,9.7,3,617.0,24.2,32.8,여름,하루절임,13.5,21.9,False,0,1200,2.27,2,나쁨,과절임,1.17,23.1,0.16,20.0
352,1,completed,2025-06-08T08:23:11.529913,2025-06-09T04:23:11.529913,hwiparam,휘파람골드,M,2.69,12.6,2,609.0,23.6,32.9,여름,하루절임,13.4,20.9,True,20,1200,1.95,4,좋음,,1.3,20.8,0.26,19.8
353,1,completed,2025-06-09T09:33:44.155234,2025-06-10T05:33:44.155234,giwunchan,기운찬,M,2.51,5.7,2,551.0,23.3,29.6,여름,하루절임,12.5,20.7,True,20,1200,2.01,3,양호,,1.3,20.3,0.16,20.6
354,6,completed,2025-06-10T11:31:36.734824,2025-06-11T07:31:36.734824,hwiparam,휘파람골드,S,2.48,6.3,3,659.0,23.0,32.8,여름,하루절임,13.3,21.0,True,21,1200,2.1,3,양호,,1.01,21.3,0.18,20.7
355,3,completed,2025-06-11T10:58:11.618055,2025-06-12T06:58:11.618055,hwiparam,휘파람골드,S,2.26,13.5,1,569.0,25.1,29.3,여름,하루절임,13.1,21.0,True,24,1200,1.99,4,좋음,,1.03,20.5,0.27,20.2
356,5,completed,2025-06-12T10:16:05.041553,2025-06-13T06:16:05.041553,hwimori,휘모리,S,2.41,14.1,2,687.0,23.0,26.7,여름,하루절임,12.7,23.8,False,0,1200,2.09,3,양호,,1.04,22.6,0.22,24.3
357,2,completed,2025-06-13T12:08:01.921315,2025-06-14T08:08:01.921315,hwiparam,휘파람골드,S,2.34,10.3,1,617.0,22.5,29.2,여름,하루절임,13.0,23.8,False,0,1200,2.23,2,나쁨,짠맛 강함,1.23,25.6,0.28,24.8
358,3,completed,2025-06-14T12:27:12.846296,2025-06-15T08:27:12.846296,bulam3,불암3호,M,2.96,6.5,2,615.0,24.7,34.6,여름,하루절임,13.4,21.1,True,23,1200,2.1,3,양호,,1.36,22.4,0.16,21.4
359,4,completed,2025-06-15T09:04:55.774958,2025-06-16T05:04:55.774958,cheongmyung,청명가을,S,2.2,6.9,1,415.0,25.0,30.7,여름,하루절임,13.3,21.0,True,17,1200,2.13,3,양호,,1.01,22.4,0.18,20.0
360,7,completed,2025-06-16T12:02:40.759773,2025-06-17T08:02:40.759773,hwiparam,휘파람골드,S,2.23,8.7,2,430.0,24.2,25.2,여름,하루절임,13.3,20.3,True,24,1200,1.98,4,좋음,,1.38,20.4,0.19,20.1
361,4,completed,2025-06-17T12:48:52.958245,2025-06-18T08:48:52.958245,cheongmyung,청명가을,S,2.42,8.6,2,655.0,22.5,33.8,여름,하루절임,12.9,23.0,True,16,1200,2.1,3,양호,,1.08,23.7,0.18,23.1
362,7,completed,2025-06-18T14:32:43.404993,2025-06-19T10:32:43.404993,hwimori,휘모리,M,2.76,8.5,3,497.0,22.1,31.7,여름,하루절임,12.6,21.2,True,22,1200,1.86,5,좋음,,1.17,19.3,0.21,19.9
363,1,completed,2025-06-19T11:12:49.044061,2025-06-20T08:59:49.044061,hwiparam,휘파람골드,M,2.54,15.0,2,470.0,25.6,32.4,여름,하루절임,13.3,21.1,True,17,1307,2.08,3,양호,,1.23,20.5,0.23,21.7
364,1,completed,2025-06-20T10:05:43.015925,2025-06-21T06:09:43.015925,hwimori,휘모리,M,2.9,12.1,3,580.0,25.6,33.6,여름,하루절임,13.0,20.7,True,15,1204,1.87,5,좋음,최상 품질,1.33,21.9,0.27,19.8
365,3,completed,2025-06-21T14:44:13.433612,2025-06-22T10:44:13.433612,cheongmyung,청명가을,M,2.55,5.9,3,571.0,26.0,27.5,여름,하루절임,13.4,21.5,True,17,1200,2.5,2,나쁨,짠맛 강함,1.36,22.8,0.16,20.3
366,1,completed,2025-06-22T14:38:39.418893,2025-06-23T10:38:39.418893,bulamplus,불암플러스,S,2.42,5.3,1,487.0,22.2,34.8,여름,하루절임,13.4,22.8,False,0,1200,2.16,3,나쁨,짠맛 강함,1.18,22.4,0.17,22.9
367,7,completed,2025-06-23T11:09:30.585016,2025-06-24T07:09:30.585016,giwunchan,기운찬,M,2.75,11.9,1,493.0,25.2,28.1,여름,하루절임,13.2,21.0,True,16,1200,2.06,3,양호,,1.24,19.3,0.2,19.8
368,1,completed,2025-06-24T12:52:11.012491,2025-06-25T08:52:11.012491,hwimori,휘모리,S,2.25,8.8,3,424.0,24.9,26.0,여름,하루절임,13.0,23.6,False,0,1200,2.0,3,좋음,,1.36,25.2,0.26,25.0
369,4,completed,2025-06-25T12:35:37.332842,2025-06-26T08:35:37.332842,other,기타,S,2.42,13.8,3,435.0,24.8,25.9,여름,하루절임,13.3,23.4,True,19,1200,2.2,3,나쁨,짠맛 강함,1.3,22.6,0.17,23.3
370,5,completed,2025-07-01T08:00:00,2025-07-02T04:00:00,hwimori,휘모리,M,2.81,9.2,1,519.0,23.0,33.3,여름,하루절임,12.6,21.5,True,25,1200,2.15,3,나쁨,짠맛 강함,1.16,21.1,0.28,21.9
371,5,completed,2025-07-02T08:31:23.152333,2025-07-03T04:31:23.152333,hwimori,휘모리,M,2.53,5.5,2,431.0,23.7,26.4,여름,하루절임,12.5,22.2,False,0,1200,2.12,3,나쁨,염도 초과,1.25,22.4,0.21,24.0
372,2,completed,2025-07-03T08:49:25.421823,2025-07-04T04:49:25.421823,other,기타,M,2.79,12.6,3,427.0,23.1,33.6,여름,하루절임,12.6,23.2,False,0,1200,1.95,4,좋음,,1.02,24.9,0.2,23.5
373,1,completed,2025-07-04T12:14:25.117800,2025-07-05T08:14:25.117800,bulam3,불암3호,M,2.58,7.6,1,464.0,22.6,32.7,여름,하루절임,13.1,21.7,True,17,1200,2.12,3,양호,,1.08,21.8,0.18,22.0
374,6,completed,2025-07-05T13:31:32.677947,2025-07-06T09:31:32.677947,hwimori,휘모리,S,2.44,15.1,1,477.0,25.7,30.1,여름,하루절임,13.2,20.1,True,20,1200,1.97,4,좋음,,1.15,18.4,0.26,20.9
375,4,completed,2025-07-06T11:19:37.703410,2025-07-07T07:25:37.703410,giwunchan,기운찬,M,2.68,12.8,2,517.0,25.0,28.2,여름,하루절임,12.9,21.7,False,0,1206,2.02,3,양호,,1.21,21.4,0.23,20.6
376,1,completed,2025-07-07T11:55:17.038492,2025-07-08T07:55:17.038492,giwunchan,기운찬,M,2.97,8.7,1,665.0,23.2,34.4,여름,하루절임,12.7,20.6,True,15,1200,1.97,4,좋음,,1.24,21.7,0.2,19.7
377,3,completed,2025-07-08T09:54:30.940272,2025-07-09T05:54:30.940272,bulamplus,불암플러스,M,2.83,9.4,2,541.0,24.1,29.6,여름,하루절임,13.5,22.4,False,0,1200,2.21,2,나쁨,염도 초과,1.05,23.3,0.18,22.3
378,2,completed,2025-07-09T12:01:08.393496,2025-07-10T08:01:08.393496,cheongmyung,청명가을,M,2.64,10.0,1,613.0,25.2,34.8,여름,하루절임,12.8,21.3,True,23,1200,2.02,3,양호,,1.3,21.3,0.17,22.5
379,4,completed,2025-07-10T11:00:37.320581,2025-07-11T07:00:37.320581,hwiparam,휘파람골드,M,2.83,5.9,1,414.0,24.3,27.2,여름,하루절임,13.1,23.1,False,0,1200,2.38,2,나쁨,염도 초과,1.34,21.9,0.23,22.9
380,7,completed,2025-07-11T11:52:49.834395,2025-07-12T07:52:49.834395,hwimori,휘모리,S,2.28,11.6,2,585.0,24.2,33.7,여름,하루절임,13.1,20.6,True,25,1200,2.05,3,양호,,1.16,21.5,0.2,21.1
381,1,completed,2025-07-12T10:41:47.466950,2025-07-13T06:41:47.466950,hwanggeumstar,황금스타,M,2.59,12.6,3,434.0,22.3,25.0,여름,하루절임,12.7,20.1,False,0,1200,2.02,3,양호,,1.25,20.3,0.16,22.1
382,2,completed,2025-07-13T11:35:13.154527,2025-07-14T07:35:13.154527,cheongmyung,청명가을,M,2.6,5.0,2,659.0,24.5,28.3,여름,하루절임,12.8,22.5,True,19,1200,2.28,3,나쁨,염도 초과,1.11,23.4,0.25,22.0
383,2,completed,2025-07-14T14:12:04.583029,2025-07-15T10:12:04.583029,hwiparam,휘파람골드,M,2.65,11.3,3,555.0,24.4,28.2,여름,하루절임,13.4,20.3,False,0,1200,1.89,4,좋음,,1.33,19.0,0.26,18.7
384,1,completed,2025-07-15T11:30:32.146332,2025-07-16T07:30:32.146332,bulamplus,불암플러스,M,2.65,10.8,1,406.0,25.9,29.0,여름,하루절임,12.7,23.6,True,17,1200,2.03,3,양호,,1.33,23.0,0.28,22.0
385,3,completed,2025-07-16T11:25:31.441696,2025-07-17T07:25:31.441696,cheongmyung,청명가을,S,2.23,9.2,2,688.0,23.5,27.5,여름,하루절임,12.6,22.6,True,21,1200,2.2,3,나쁨,짠맛 강함,1.03,21.0,0.28,23.3
386,7,completed,2025-07-17T11:57:29.304736,2025-07-18T07:57:29.304736,hwimori,휘모리,M,2.57,5.7,1,549.0,22.8,26.3,여름,하루절임,13.2,20.2,True,15,1200,2.11,3,양호,,1.31,20.5,0.17,21.3
387,6,completed,2025-07-18T12:17:54.930009,2025-07-19T08:17:54.930009,hwimori,휘모리,S,2.31,7.6,2,692.0,22.9,34.2,여름,하루절임,13.0,21.7,True,25,1200,2.11,3,양호,,1.13,21.6,0.28,23.2
388,2,completed,2025-07-19T08:13:49.198548,2025-07-20T04:13:49.198548,giwunchan,기운찬,M,2.78,13.3,1,699.0,23.2,29.6,여름,하루절임,12.7,23.5,True,23,1200,1.95,4,좋음,,1.11,23.6,0.29,23.2
389,1,completed,2025-07-20T12:14:31.166901,2025-07-21T08:46:31.166901,bulam3,불암3호,M,2.99,11.3,2,530.0,23.4,31.6,여름,하루절임,12.9,21.6,True,19,1232,1.92,4,좋음,,1.01,20.7,0.16,22.6
390,3,completed,2025-07-21T08:14:52.236459,2025-07-22T04:14:52.236459,cheongmyung,청명가을,S,2.26,7.1,3,409.0,25.4,32.7,여름,하루절임,13.5,20.8,True,17,1200,2.18,3,나쁨,과절임,1.37,19.8,0.26,21.2
391,3,completed,2025-07-22T10:35:17.127034,2025-07-23T06:35:17.127034,other,기타,M,2.85,10.3,2,609.0,22.1,32.6,여름,하루절임,13.4,20.7,False,0,1200,2.12,3,나쁨,과절임,1.14,20.5,0.28,21.0
392,5,completed,2025-07-23T14:31:51.145202,2025-07-24T10:31:51.145202,cheongmyung,청명가을,S,2.37,8.2,1,472.0,25.1,27.2,여름,하루절임,13.3,20.6,True,19,1200,2.25,2,나쁨,과절임,1.28,21.2,0.21,20.1
393,6,completed,2025-07-24T11:45:28.505588,2025-07-25T07:45:28.505588,cheongomabi,천고마비,S,2.39,11.1,2,691.0,23.2,32.3,여름,하루절임,13.1,22.3,True,18,1200,2.16,3,나쁨,염도 초과,1.05,21.7,0.17,23.8
394,3,completed,2025-07-25T12:46:39.499739,2025-07-26T08:46:39.499739,cheongomabi,천고마비,M,2.5,9.0,1,486.0,22.6,28.1,여름,하루절임,12.5,20.1,True,22,1200,1.87,5,좋음,,1.24,18.7,0.19,21.3
395,3,completed,2025-07-26T08:01:08.575141,2025-07-27T04:01:08.575141,hwimori,휘모리,S,2.26,9.4,1,691.0,23.7,28.8,여름,하루절임,13.4,23.7,False,0,1200,2.21,3,나쁨,염도 초과,1.2,24.8,0.22,23.3
396,7,completed,2025-07-27T13:08:03.863836,2025-07-28T09:08:03.863836,cheongmyung,청명가을,M,2.53,6.7,1,420.0,22.6,32.9,여름,하루절임,13.3,20.6,True,25,1200,2.08,3,양호,,1.29,18.7,0.19,18.9
397,1,completed,2025-07-28T10:15:45.026549,2025-07-29T06:15:45.026549,hwiparam,휘파람골드,M,2.52,6.3,1,650.0,22.8,31.3,여름,하루절임,13.0,20.4,False,0,1200,1.87,4,좋음,,1.26,21.5,0.23,19.5
398,7,completed,2025-07-29T08:29:26.774154,2025-07-30T04:29:26.774154,giwunchan,기운찬,S,2.33,11.1,3,644.0,25.7,29.3,여름,하루절임,13.4,21.9,False,0,1200,2.12,3,양호,,1.12,20.8,0.25,20.1
399,7,completed,2025-07-30T11:54:36.734172,2025-07-31T07:54:36.734172,cheongomabi,천고마비,M,2.68,11.2,3,671.0,25.7,31.8,여름,하루절임,13.0,22.3,True,24,1200,2.27,2,나쁨,과절임,1.13,22.3,0.26,21.7
400,4,completed,2025-08-01T08:00:00,2025-08-02T04:00:00,hwimori,휘모리,M,2.52,14.8,3,552.0,23.7,31.3,여름,하루절임,13.2,23.4,False,0,1200,2.12,3,양호,,1.0,25.2,0.28,23.5
401,2,completed,2025-08-02T12:41:40.369352,2025-08-03T08:41:40.369352,hwiparam,휘파람골드,S,2.23,10.9,3,627.0,24.5,25.5,여름,하루절임,12.5,23.0,False,0,1200,1.71,5,좋음,,1.22,24.8,0.21,21.9
402,1,completed,2025-08-03T13:22:26.688111,2025-08-04T09:22:26.688111,bulam3,불암3호,M,2.92,12.0,1,538.0,23.6,30.9,여름,하루절임,12.9,20.7,True,23,1200,2.06,3,양호,,1.29,19.4,0.19,21.5
403,7,completed,2025-08-04T11:35:53.747478,2025-08-05T07:35:53.747478,cheongmyung,청명가을,S,2.49,5.3,1,593.0,25.1,30.9,여름,하루절임,12.6,20.1,True,20,1200,2.11,3,양호,,1.15,19.8,0.23,20.2
404,7,completed,2025-08-05T10:59:40.241033,2025-08-06T06:59:40.241033,hwimori,휘모리,M,2.85,10.3,2,568.0,25.4,31.6,여름,하루절임,13.2,23.7,True,25,1200,2.14,3,나쁨,과절임,1.01,23.4,0.2,25.7
405,6,completed,2025-08-06T13:08:52.730276,2025-08-07T09:08:52.730276,cheongomabi,천고마비,L,3.05,4.9,1,688.0,22.4,27.1,여름,하루절임,12.6,20.9,True,24,1200,2.09,3,양호,,1.4,19.5,0.16,20.2
406,6,completed,2025-08-07T11:46:48.116955,2025-08-08T07:46:48.116955,giwunchan,기운찬,M,2.83,7.3,1,452.0,23.7,30.1,여름,하루절임,13.0,22.1,True,22,1200,2.11,3,나쁨,짠맛 강함,1.11,21.1,0.28,22.2
407,4,completed,2025-08-08T10:15:47.997812,2025-08-09T06:15:47.997812,cheongmyung,청명가을,M,2.79,5.6,1,606.0,25.4,31.6,여름,하루절임,13.0,22.3,True,16,1200,2.23,2,나쁨,과절임,1.2,22.1,0.21,21.3
408,6,completed,2025-08-09T12:49:22.504271,2025-08-10T08:49:22.504271,giwunchan,기운찬,M,2.78,9.1,2,489.0,22.3,32.1,여름,하루절임,13.3,20.6,True,16,1200,1.95,4,좋음,,1.04,19.5,0.15,20.1
409,1,completed,2025-08-10T12:48:36.882229,2025-08-11T08:48:36.882229,cheongomabi,천고마비,M,2.56,7.0,2,526.0,23.9,31.2,여름,하루절임,12.9,21.4,False,0,1200,2.16,3,나쁨,염도 초과,1.34,21.0,0.21,23.3
410,1,completed,2025-08-11T11:59:55.772339,2025-08-12T07:59:55.772339,hwiparam,휘파람골드,M,2.7,7.8,1,483.0,22.9,31.8,여름,하루절임,12.7,23.7,True,16,1200,2.3,3,나쁨,짠맛 강함,1.17,23.7,0.24,24.4
411,1,completed,2025-08-12T14:15:56.810527,2025-08-13T10:15:56.810527,other,기타,S,2.37,10.4,2,650.0,23.8,26.8,여름,하루절임,12.9,23.5,True,19,1200,2.11,3,양호,,1.31,25.1,0.17,24.7
412,6,completed,2025-08-13T12:44:17.228761,2025-08-14T08:44:17.228761,bulamplus,불암플러스,L,3.06,11.2,2,650.0,25.5,34.0,여름,하루절임,12.6,23.6,True,17,1200,2.09,3,양호,,1.26,24.5,0.29,22.0
413,6,completed,2025-08-14T14:53:45.563172,2025-08-15T13:05:45.563172,hwiparam,휘파람골드,S,2.46,14.5,1,620.0,23.7,28.1,여름,하루절임,13.4,20.1,False,0,1332,2.03,3,양호,,1.21,18.5,0.19,21.4
414,7,completed,2025-08-15T12:50:53.339856,2025-08-16T09:45:53.339856,bulamplus,불암플러스,L,3.03,12.7,2,438.0,24.6,33.6,여름,하루절임,12.9,21.2,True,23,1255,2.17,3,나쁨,염도 초과,1.14,19.7,0.23,21.0
415,5,completed,2025-08-17T13:46:42.556292,2025-08-18T09:46:42.556292,cheongomabi,천고마비,M,2.71,8.5,2,577.0,24.4,27.6,여름,하루절임,13.2,20.1,True,25,1200,1.88,5,좋음,,1.36,21.3,0.17,21.9
416,7,completed,2025-08-18T14:43:22.458893,2025-08-19T10:43:22.458893,hwiparam,휘파람골드,M,2.65,10.4,3,452.0,23.5,33.3,여름,하루절임,13.3,22.1,True,18,1200,2.12,3,나쁨,염도 초과,1.35,21.9,0.28,20.8
417,4,completed,2025-08-20T11:15:52.543020,2025-08-21T07:15:52.543020,hwimori,휘모리,S,2.28,11.4,3,674.0,24.4,33.1,여름,하루절임,13.0,21.1,True,20,1200,1.93,4,좋음,,1.37,22.2,0.28,19.2
418,1,completed,2025-08-21T12:47:22.435903,2025-08-22T08:47:22.435903,bulam3,불암3호,M,2.87,10.3,3,509.0,23.7,25.8,여름,하루절임,13.1,22.8,True,21,1200,2.01,3,양호,,1.35,21.7,0.24,21.2
419,3,completed,2025-08-22T13:32:07.913499,2025-08-23T12:07:07.913499,bulamplus,불암플러스,L,3.05,13.1,1,456.0,24.4,27.8,여름,하루절임,13.4,20.1,True,17,1355,1.89,4,좋음,,1.02,18.9,0.23,21.4
420,5,completed,2025-08-23T09:45:57.025895,2025-08-24T05:45:57.025895,other,기타,M,2.94,5.9,3,663.0,24.3,32.4,여름,하루절임,13.3,21.0,False,0,1200,2.01,3,양호,,1.25,19.1,0.28,22.6
421,6,completed,2025-08-24T13:33:56.753258,2025-08-25T09:33:56.753258,bulamplus,불암플러스,M,2.51,12.2,2,561.0,23.7,30.0,여름,하루절임,13.2,20.5,True,22,1200,2.03,3,양호,,1.14,19.7,0.22,20.3
422,3,completed,2025-08-25T13:38:53.720722,2025-08-26T09:38:53.720722,bulam3,불암3호,S,2.48,5.8,3,692.0,24.3,28.3,여름,하루절임,13.2,21.6,False,0,1200,2.09,3,양호,,1.24,23.1,0.29,21.2
423,5,completed,2025-08-26T08:52:38.174596,2025-08-27T04:52:38.174596,hwiparam,휘파람골드,M,2.62,9.4,1,642.0,23.0,30.1,여름,하루절임,13.3,22.1,True,21,1200,2.19,3,나쁨,짠맛 강함,1.37,21.8,0.2,20.6
424,5,completed,2025-08-27T14:39:38.450803,2025-08-28T10:39:38.450803,hwimori,휘모리,S,2.41,11.4,2,636.0,22.3,28.6,여름,하루절임,12.8,22.6,False,0,1200,1.77,4,좋음,,1.36,22.5,0.19,23.6
425,2,completed,2025-08-28T09:31:50.861766,2025-08-29T05:31:50.861766,bulam3,불암3호,S,2.44,13.3,2,587.0,22.3,31.0,여름,하루절임,13.0,20.6,True,21,1200,1.82,5,좋음,,1.19,20.4,0.22,20.1
426,3,completed,2025-08-29T11:01:13.049590,2025-08-30T08:02:13.049590,hwiparam,휘파람골드,S,2.36,13.4,1,592.0,23.2,34.8,여름,하루절임,13.0,21.7,True,20,1261,1.93,4,좋음,정상 진행,1.2,23.4,0.16,21.3
427,6,completed,2025-08-30T10:40:11.316622,2025-08-31T06:40:11.316622,bulamplus,불암플러스,M,2.54,7.3,3,597.0,25.8,28.0,여름,하루절임,12.5,20.0,False,0,1200,1.87,4,좋음,최상 품질,1.35,21.2,0.26,20.4
428,2,completed,2025-09-01T08:00:00,2025-09-02T11:39:00,bulamplus,불암플러스,L,3.1,17.2,2,626.0,22.4,10.9,가을,하루절임,12.6,13.1,True,19,1659,1.71,5,좋음,최상 품질,1.17,12.6,0.27,12.7
429,6,completed,2025-09-02T10:11:24.267692,2025-09-04T03:34:24.267692,hwiparam,휘파람골드,M,2.97,16.2,3,612.0,23.2,11.7,가을,이틀절임,11.3,15.0,True,36,2483,1.83,5,좋음,균일 절임,1.03,14.5,0.22,15.0
430,7,completed,2025-09-04T09:35:44.123049,2025-09-05T14:09:44.123049,cheongomabi,천고마비,L,3.35,11.1,4,529.0,21.2,11.2,가을,하루절임,12.3,16.7,True,22,1714,2.04,3,양호,,1.06,17.1,0.15,16.4
431,6,completed,2025-09-05T14:04:53.899290,2025-09-07T06:51:53.899290,hwiparam,휘파람골드,M,2.99,11.4,4,557.0,22.1,16.7,가을,이틀절임,10.6,15.9,True,36,2447,1.97,4,좋음,,1.23,15.8,0.15,15.0
432,5,completed,2025-09-07T09:04:29.608364,2025-09-09T06:18:29.608364,bulamplus,불암플러스,L,3.48,17.1,3,686.0,21.6,10.0,가을,이틀절임,10.9,13.0,True,30,2714,1.65,5,좋음,,1.23,11.0,0.18,14.2
433,4,completed,2025-09-09T11:59:15.973467,2025-09-10T10:17:15.973467,bulam3,불암3호,M,2.82,10.3,3,550.0,23.6,20.7,가을,하루절임,12.1,13.8,True,21,1338,1.77,4,좋음,,1.23,15.4,0.27,13.5
434,4,completed,2025-09-10T11:36:06.551287,2025-09-12T05:08:06.551287,bulamplus,불암플러스,L,3.21,16.2,3,525.0,21.8,16.1,가을,이틀절임,10.7,16.7,True,36,2492,1.81,5,좋음,,1.35,17.9,0.29,15.0
435,2,completed,2025-09-12T11:48:40.186933,2025-09-13T11:43:40.186933,other,기타,L,3.19,13.4,2,598.0,20.1,16.5,가을,하루절임,12.9,17.4,True,19,1435,2.06,3,양호,,1.18,17.0,0.25,15.6
436,1,completed,2025-09-13T09:10:32.203037,2025-09-14T17:10:32.203037,bulamplus,불암플러스,L,3.29,18.1,2,586.0,22.9,13.9,가을,하루절임,12.4,14.4,True,18,1920,1.85,4,좋음,,1.02,14.5,0.2,15.1
437,6,completed,2025-09-14T13:10:57.700664,2025-09-15T18:40:57.700664,cheongomabi,천고마비,M,2.91,16.2,3,489.0,23.8,10.8,가을,하루절임,12.5,13.7,True,17,1770,1.94,4,좋음,최상 품질,1.22,13.3,0.26,11.7
438,5,completed,2025-09-15T10:28:47.006809,2025-09-16T09:24:47.006809,bulam3,불암3호,L,3.14,12.1,4,559.0,22.0,11.2,가을,하루절임,12.0,15.8,True,20,1376,1.82,4,좋음,,1.37,15.5,0.27,15.7
439,3,completed,2025-09-16T09:40:51.878197,2025-09-18T06:06:51.878197,bulam3,불암3호,L,3.4,15.0,3,556.0,20.7,21.7,가을,이틀절임,11.0,14.3,True,35,2666,1.98,4,좋음,최상 품질,1.03,16.1,0.29,14.8
440,2,completed,2025-09-18T09:29:48.454467,2025-09-19T14:17:48.454467,bulam3,불암3호,L,3.33,11.5,2,519.0,23.6,13.1,가을,하루절임,12.3,17.8,True,24,1728,1.87,5,좋음,,1.31,16.5,0.2,18.7
441,2,completed,2025-09-19T08:46:34.248006,2025-09-20T12:58:34.248006,bulam3,불암3호,L,3.2,15.6,4,417.0,21.2,15.4,가을,하루절임,12.8,12.4,True,19,1692,1.86,5,좋음,,1.35,13.6,0.25,11.1
442,2,completed,2025-09-20T10:29:57.529466,2025-09-21T15:01:57.529466,bulamplus,불암플러스,L,3.32,18.0,2,406.0,21.9,13.3,가을,하루절임,12.9,13.5,True,25,1712,1.96,4,좋음,,1.25,14.3,0.19,12.1
443,4,completed,2025-09-21T10:21:28.292105,2025-09-22T15:59:28.292105,bulamplus,불암플러스,L,3.4,13.6,3,657.0,20.5,12.8,가을,하루절임,12.0,16.8,True,22,1778,1.67,4,좋음,,1.01,17.9,0.17,16.4
444,5,completed,2025-09-22T13:55:13.134293,2025-09-24T05:55:13.134293,cheongomabi,천고마비,L,3.37,11.3,2,403.0,23.1,15.5,가을,이틀절임,10.8,17.6,True,34,2400,2.0,4,좋음,,1.29,16.0,0.27,17.0
445,1,completed,2025-09-24T10:40:40.672120,2025-09-25T18:40:40.672120,cheongomabi,천고마비,XL,3.57,15.3,4,628.0,21.5,12.1,가을,하루절임,12.5,12.2,True,17,1920,1.74,5,좋음,,1.16,13.8,0.19,12.1
446,5,completed,2025-09-25T11:33:57.463859,2025-09-26T16:25:57.463859,cheongomabi,천고마비,M,2.9,13.8,3,668.0,20.3,13.7,가을,하루절임,12.4,14.6,True,24,1732,1.98,4,양호,,1.11,14.5,0.17,16.0
447,2,completed,2025-09-26T13:03:21.528001,2025-09-28T05:03:21.528001,hwanggeumstar,황금스타,M,2.76,11.9,4,417.0,21.4,17.1,가을,이틀절임,11.5,12.2,True,30,2400,2.03,3,양호,,1.15,10.8,0.17,13.3
448,2,completed,2025-09-28T08:00:14.058593,2025-09-29T10:26:14.058593,bulam3,불암3호,M,2.96,17.6,2,512.0,23.0,15.4,가을,하루절임,13.0,17.1,True,17,1586,1.96,4,좋음,,1.32,16.8,0.2,17.0
449,7,completed,2025-09-29T14:51:23.371106,2025-09-30T12:31:23.371106,cheongmyung,청명가을,M,2.76,10.9,3,608.0,20.6,16.4,가을,하루절임,12.2,17.0,True,16,1300,1.91,3,좋음,,1.23,15.0,0.2,15.2
450,7,completed,2025-10-01T08:00:00,2025-10-02T15:02:00,other,기타,M,2.87,15.3,4,538.0,20.9,10.3,가을,하루절임,12.8,12.6,True,20,1862,2.06,3,양호,,1.12,10.6,0.21,11.5
451,3,completed,2025-10-02T14:28:28.478899,2025-10-03T17:31:28.478899,bulamplus,불암플러스,L,3.41,10.9,3,678.0,21.6,11.1,가을,하루절임,12.1,17.0,True,23,1623,1.92,4,좋음,최상 품질,1.01,15.2,0.28,18.2
452,2,completed,2025-10-03T14:55:33.409836,2025-10-04T19:40:33.409836,cheongomabi,천고마비,XL,3.5,14.0,2,645.0,23.7,15.3,가을,하루절임,12.9,12.6,True,16,1725,1.76,5,좋음,,1.14,14.2,0.28,13.6
453,2,completed,2025-10-04T12:37:53.270838,2025-10-05T14:30:53.270838,bulamplus,불암플러스,L,3.2,16.5,4,434.0,23.0,15.7,가을,하루절임,12.2,17.0,True,22,1553,1.9,5,좋음,,1.38,16.1,0.18,15.5
454,1,completed,2025-10-05T11:28:44.718410,2025-10-06T12:53:44.718410,hwiparam,휘파람골드,L,3.03,11.9,2,647.0,21.9,11.5,가을,하루절임,12.1,17.3,True,17,1525,1.93,4,좋음,,1.29,19.2,0.21,18.3
455,7,completed,2025-10-06T09:38:54.166818,2025-10-07T12:30:54.166818,cheongmyung,청명가을,M,2.68,17.0,3,695.0,20.0,18.0,가을,하루절임,12.8,16.7,True,16,1612,1.98,4,좋음,,1.02,17.4,0.29,18.4
456,2,completed,2025-10-07T11:08:12.610954,2025-10-08T17:44:12.610954,cheongomabi,천고마비,M,2.9,14.6,4,437.0,22.7,21.3,가을,하루절임,12.6,14.8,True,25,1836,1.9,5,좋음,,1.13,15.3,0.24,14.5
457,2,completed,2025-10-08T14:15:45.619385,2025-10-09T19:33:45.619385,bulamplus,불암플러스,M,2.99,15.3,2,598.0,23.9,11.7,가을,하루절임,12.1,17.4,True,25,1758,2.04,4,양호,,1.09,17.1,0.15,18.2
458,4,completed,2025-10-09T12:31:00.566736,2025-10-10T17:24:00.566736,bulam3,불암3호,L,3.29,14.8,4,635.0,20.2,17.7,가을,하루절임,12.9,14.3,True,22,1733,1.88,5,좋음,,1.23,14.7,0.2,14.3
459,6,completed,2025-10-10T08:36:43.424065,2025-10-11T12:50:43.424065,giwunchan,기운찬,L,3.12,15.5,2,419.0,22.7,21.9,가을,하루절임,12.5,17.8,True,18,1694,2.16,3,나쁨,짠맛 강함,1.19,18.7,0.23,16.1
460,3,completed,2025-10-11T13:27:11.385361,2025-10-12T17:02:11.385361,giwunchan,기운찬,L,3.04,11.5,3,440.0,20.3,15.4,가을,하루절임,12.3,12.1,True,23,1655,1.74,5,좋음,,1.07,12.9,0.15,11.8
461,1,completed,2025-10-12T09:20:17.728029,2025-10-13T11:24:17.728029,bulam3,불암3호,M,2.96,15.6,2,601.0,22.7,20.5,가을,하루절임,12.2,15.8,True,22,1564,1.87,4,좋음,,1.04,15.4,0.24,13.8
462,3,completed,2025-10-13T14:47:22.421687,2025-10-14T14:51:22.421687,hwimori,휘모리,L,3.24,11.6,3,490.0,22.3,15.0,가을,하루절임,12.5,16.2,True,24,1444,1.61,5,좋음,,1.26,16.7,0.19,17.9
463,3,completed,2025-10-15T14:45:07.621460,2025-10-16T22:45:07.621460,hwiparam,휘파람골드,L,3.28,17.6,4,460.0,21.5,19.3,가을,하루절임,12.9,12.5,True,17,1920,1.8,5,좋음,,1.09,14.3,0.2,13.3
464,2,completed,2025-10-16T12:56:03.102548,2025-10-17T20:56:03.102548,bulam3,불암3호,L,3.05,13.3,3,533.0,22.4,21.8,가을,하루절임,12.7,12.5,True,22,1920,1.88,4,좋음,,1.0,12.6,0.19,12.2
465,5,completed,2025-10-17T12:40:42.115917,2025-10-18T13:14:42.115917,cheongmyung,청명가을,L,3.14,9.9,3,484.0,23.6,18.9,가을,하루절임,12.7,16.5,True,24,1474,1.83,4,좋음,,1.26,16.7,0.27,17.6
466,1,completed,2025-10-18T13:15:09.607977,2025-10-20T05:15:09.607977,cheongomabi,천고마비,M,2.86,9.5,2,549.0,21.1,17.0,가을,이틀절임,11.3,15.7,True,40,2400,2.31,2,나쁨,염도 초과,1.34,15.5,0.26,17.4
467,5,completed,2025-10-20T13:51:09.922904,2025-10-21T20:35:09.922904,bulam3,불암3호,L,3.02,16.6,3,603.0,22.0,21.5,가을,하루절임,13.0,13.3,True,25,1844,1.95,4,좋음,,1.06,14.6,0.27,12.6
468,6,completed,2025-10-21T13:42:13.079003,2025-10-22T16:40:13.079003,bulamplus,불암플러스,L,3.4,11.8,4,607.0,20.8,21.6,가을,하루절임,12.5,13.5,True,16,1618,1.75,5,좋음,,1.1,14.2,0.16,14.0
469,7,completed,2025-10-22T14:00:57.883698,2025-10-23T13:50:57.883698,hwiparam,휘파람골드,L,3.15,11.9,2,451.0,20.6,21.7,가을,하루절임,12.7,15.9,True,25,1430,1.66,5,좋음,,1.36,17.5,0.21,16.8
470,6,completed,2025-10-23T09:48:02.100169,2025-10-24T17:10:02.100169,giwunchan,기운찬,L,3.24,16.7,4,579.0,22.3,14.5,가을,하루절임,12.1,15.9,True,15,1882,1.95,3,양호,,1.03,17.9,0.21,16.2
471,4,completed,2025-10-24T10:16:06.560339,2025-10-25T10:35:06.560339,cheongomabi,천고마비,L,3.27,10.5,3,547.0,20.1,16.8,가을,하루절임,12.8,16.9,True,25,1459,2.06,3,양호,,1.25,16.9,0.22,18.6
472,5,completed,2025-10-25T09:25:49.206790,2025-10-26T10:57:49.206790,bulam3,불암3호,L,3.16,17.9,3,606.0,20.3,17.7,가을,하루절임,12.1,14.3,True,15,1532,1.7,5,좋음,,1.11,14.5,0.2,16.2
473,7,completed,2025-10-26T14:25:55.543598,2025-10-27T17:51:55.543598,bulam3,불암3호,M,2.86,14.9,4,479.0,20.1,15.3,가을,하루절임,12.1,17.6,True,15,1646,1.83,4,좋음,,1.01,18.9,0.29,15.8
474,6,completed,2025-10-27T11:35:05.073777,2025-10-28T13:58:05.073777,bulamplus,불암플러스,M,2.95,10.9,3,600.0,22.3,12.0,가을,하루절임,12.6,16.6,True,25,1583,1.97,4,좋음,최상 품질,1.27,17.7,0.19,17.2
475,7,completed,2025-10-28T08:22:01.593603,2025-10-29T14:36:01.593603,cheongomabi,천고마비,M,2.88,15.5,4,655.0,20.4,20.8,가을,하루절임,12.5,13.1,True,24,1814,1.91,4,좋음,,1.32,13.1,0.18,14.0
476,1,completed,2025-10-29T10:21:45.300381,2025-10-30T10:02:45.300381,hwimori,휘모리,L,3.04,12.4,3,629.0,21.3,21.7,가을,하루절임,12.1,16.4,True,16,1421,1.61,4,좋음,,1.32,15.1,0.19,14.7
477,3,completed,2025-10-30T08:51:46.097337,2025-10-31T13:44:46.097337,bulamplus,불암플러스,XL,3.55,12.0,3,659.0,23.4,17.4,가을,하루절임,12.6,15.0,True,22,1733,1.78,5,좋음,,1.21,13.1,0.17,14.1
478,2,completed,2025-11-01T08:00:00,2025-11-02T15:53:00,hwiparam,휘파람골드,M,2.89,12.0,2,694.0,21.6,19.6,가을,하루절임,12.1,12.8,True,18,1913,1.58,4,좋음,,1.34,14.0,0.17,13.3
479,7,completed,2025-11-02T11:34:42.290333,2025-11-04T05:06:42.290333,bulam3,불암3호,L,3.18,16.4,3,525.0,21.3,20.6,가을,이틀절임,11.4,14.1,True,35,2492,2.04,4,양호,,1.18,15.3,0.26,12.8
480,7,completed,2025-11-04T08:13:51.443857,2025-11-05T16:11:51.443857,hwiparam,휘파람골드,M,2.95,13.6,3,679.0,23.0,16.5,가을,하루절임,12.9,12.8,True,25,1918,1.82,5,좋음,,1.34,14.2,0.22,13.4
481,3,completed,2025-11-05T10:13:17.648212,2025-11-06T14:41:17.648212,hwimori,휘모리,L,3.07,11.3,2,633.0,20.9,17.6,가을,하루절임,12.2,16.9,True,20,1708,1.76,5,좋음,,1.35,16.7,0.23,18.3
482,3,completed,2025-11-06T12:00:44.449441,2025-11-07T20:00:44.449441,hwanggeumstar,황금스타,L,3.01,16.3,4,601.0,22.0,12.7,가을,하루절임,12.2,13.1,True,16,1920,1.86,5,좋음,,1.1,14.9,0.22,14.6
483,4,completed,2025-11-07T09:22:46.586397,2025-11-08T13:32:46.586397,hwimori,휘모리,L,3.36,15.5,2,411.0,22.7,21.4,가을,하루절임,12.2,14.2,True,22,1690,1.7,5,좋음,,1.03,12.7,0.23,15.7
484,2,completed,2025-11-08T08:35:30.457213,2025-11-10T00:35:30.457213,cheongomabi,천고마비,L,3.35,10.5,4,669.0,20.6,21.2,가을,이틀절임,11.4,17.7,True,38,2400,2.15,3,나쁨,과절임,1.31,16.6,0.25,18.9
485,7,completed,2025-11-10T08:11:54.903810,2025-11-11T14:19:54.903810,cheongomabi,천고마비,XL,3.5,12.2,4,449.0,21.9,13.8,가을,하루절임,12.7,15.4,True,19,1808,1.91,4,좋음,,1.12,13.9,0.27,14.0
486,2,completed,2025-11-11T13:45:17.174915,2025-11-13T05:45:17.174915,hwimori,휘모리,M,2.77,13.3,3,568.0,20.7,16.3,가을,이틀절임,11.1,15.6,True,40,2400,2.03,3,양호,,1.35,14.0,0.26,16.7
487,7,completed,2025-11-13T09:17:41.837612,2025-11-14T13:30:41.837612,bulamplus,불암플러스,M,2.96,14.6,3,668.0,21.9,14.7,가을,하루절임,12.7,12.3,True,22,1693,1.61,4,좋음,,1.16,12.1,0.15,12.7
488,4,completed,2025-11-14T14:53:37.335928,2025-11-15T22:53:37.335928,bulamplus,불암플러스,XL,3.57,11.7,2,465.0,21.8,10.4,가을,하루절임,12.7,12.6,True,23,1920,1.65,5,좋음,,1.34,11.2,0.21,14.4
489,2,completed,2025-11-15T14:07:48.944234,2025-11-16T17:56:48.944234,cheongomabi,천고마비,L,3.27,12.7,2,689.0,23.7,16.2,가을,하루절임,12.8,13.0,True,21,1669,1.9,5,좋음,,1.16,11.4,0.2,14.6
490,3,completed,2025-11-16T08:07:40.864739,2025-11-17T13:00:40.864739,bulamplus,불암플러스,L,3.32,11.4,3,476.0,20.3,15.3,가을,하루절임,12.7,15.3,True,18,1733,1.96,4,좋음,,1.4,16.5,0.18,16.8
491,3,completed,2025-11-17T10:17:36.641421,2025-11-18T10:34:36.641421,giwunchan,기운찬,L,3.09,13.4,2,469.0,20.0,11.0,가을,하루절임,12.4,15.6,True,17,1457,1.47,3,양호,,1.1,16.7,0.24,13.9
492,5,completed,2025-11-18T10:02:23.401767,2025-11-19T17:25:23.401767,bulam3,불암3호,L,3.36,16.3,2,472.0,23.3,17.5,가을,하루절임,12.2,15.4,True,22,1883,1.95,4,좋음,균일 절임,1.37,17.0,0.28,16.3
493,5,completed,2025-11-19T10:29:11.828210,2025-11-20T14:23:11.828210,cheongomabi,천고마비,L,3.39,13.9,2,494.0,20.5,14.9,가을,하루절임,12.2,13.3,True,17,1674,1.93,4,좋음,,1.04,15.0,0.19,13.8
494,3,completed,2025-11-20T14:15:52.314775,2025-11-21T21:39:52.314775,cheongomabi,천고마비,L,3.42,16.2,4,461.0,20.9,12.0,가을,하루절임,12.5,15.2,True,20,1884,1.75,4,좋음,,1.17,13.5,0.29,14.2
495,7,completed,2025-11-21T08:37:15.143835,2025-11-22T13:09:15.143835,hwimori,휘모리,L,3.14,13.9,3,452.0,23.1,20.5,가을,하루절임,13.0,14.9,True,25,1712,1.78,5,좋음,,1.25,15.6,0.21,13.0
496,2,completed,2025-11-22T13:53:38.832830,2025-11-23T21:53:38.832830,hwimori,휘모리,L,3.14,19.4,3,419.0,21.2,19.1,가을,하루절임,12.1,16.0,True,16,1920,1.9,5,좋음,,1.24,16.7,0.25,16.0
497,6,completed,2025-11-23T11:59:49.471131,2025-11-24T14:35:49.471131,bulam3,불암3호,M,2.84,13.8,3,602.0,21.1,14.1,가을,하루절임,12.1,13.9,True,22,1596,1.82,5,좋음,,1.1,12.6,0.29,15.7
498,1,completed,2025-11-24T13:48:28.212214,2025-11-25T15:14:28.212214,other,기타,L,3.34,12.1,2,620.0,20.9,11.0,가을,하루절임,12.1,15.1,True,17,1526,1.93,4,좋음,,1.06,16.9,0.23,15.0
499,4,completed,2025-11-25T14:14:58.230965,2025-11-26T12:13:58.230965,cheongomabi,천고마비,L,3.39,11.1,2,470.0,20.9,15.7,가을,하루절임,12.7,16.6,True,15,1319,2.11,3,양호,,1.21,17.1,0.19,18.4
500,6,completed,2025-11-26T12:13:07.310989,2025-11-27T16:41:07.310989,giwunchan,기운찬,L,3.22,14.9,4,541.0,23.7,18.1,가을,하루절임,12.7,17.2,True,16,1708,1.81,5,좋음,정상 진행,1.22,16.6,0.24,18.8
501,7,completed,2025-11-27T10:09:58.991745,2025-11-28T14:53:58.991745,hwiparam,휘파람골드,M,2.73,14.1,3,473.0,22.7,13.5,가을,하루절임,13.0,15.4,True,18,1724,1.85,5,좋음,,1.08,16.2,0.18,17.2
502,5,completed,2025-11-28T11:17:39.735089,2025-11-30T05:17:39.735089,bulamplus,불암플러스,L,3.25,13.8,2,574.0,20.1,10.1,가을,이틀절임,10.9,15.3,True,30,2520,1.97,4,좋음,정상 진행,1.38,14.2,0.22,15.5
503,6,completed,2025-12-01T08:00:00,2025-12-03T08:00:00,bulamplus,불암플러스,XL,4.31,13.5,3,533.0,23.2,-0.5,겨울,이틀절임,10.1,9.8,True,43,2880,1.58,4,좋음,,1.12,10.3,0.21,7.8
504,4,completed,2025-12-03T09:30:20.572788,2025-12-05T09:30:20.572788,bulamplus,불암플러스,XL,3.69,22.2,3,597.0,23.5,1.4,겨울,이틀절임,10.1,8.7,True,40,2880,1.74,5,좋음,,1.34,7.1,0.23,10.3
505,1,completed,2025-12-05T13:51:35.661750,2025-12-06T19:59:35.661750,hwimori,휘모리,XL,3.85,14.2,4,588.0,22.9,-4.5,겨울,하루절임,13.6,9.4,True,36,1808,1.65,4,좋음,,1.08,8.0,0.26,8.5
506,7,completed,2025-12-07T08:36:29.782017,2025-12-08T11:12:29.782017,other,기타,L,3.32,18.7,3,543.0,22.7,9.0,겨울,하루절임,13.9,9.9,True,43,1596,1.86,4,좋음,,1.26,10.1,0.28,10.6
507,2,completed,2025-12-08T13:49:14.014484,2025-12-09T11:31:14.014484,hwanggeumstar,황금스타,L,3.43,13.5,3,455.0,21.4,8.1,겨울,하루절임,14.0,10.0,True,37,1302,1.59,4,좋음,,1.1,9.6,0.24,8.9
508,5,completed,2025-12-09T14:22:39.941030,2025-12-11T14:22:39.941030,cheongomabi,천고마비,L,3.23,20.7,3,492.0,22.7,4.9,겨울,이틀절임,10.4,9.2,True,45,2880,1.79,4,좋음,,1.32,8.8,0.23,10.9
509,1,completed,2025-12-11T11:41:24.420765,2025-12-13T11:41:24.420765,bulam3,불암3호,L,3.19,17.0,4,646.0,21.2,-2.6,겨울,이틀절임,10.8,11.6,True,42,2880,1.97,4,좋음,,1.0,9.9,0.17,13.1
510,6,completed,2025-12-13T13:14:47.271584,2025-12-14T15:40:47.271584,bulam3,불암3호,XL,4.09,18.4,3,484.0,20.1,8.6,겨울,하루절임,14.0,11.7,True,38,1586,1.77,4,좋음,,1.27,11.2,0.28,10.4
511,5,completed,2025-12-15T12:49:09.663104,2025-12-17T09:38:09.663104,giwunchan,기운찬,L,3.26,15.3,5,542.0,23.9,6.6,겨울,이틀절임,10.9,11.5,True,41,2689,1.72,5,좋음,,1.03,12.2,0.16,11.4
512,6,completed,2025-12-17T14:13:08.735937,2025-12-19T14:13:08.735937,other,기타,XL,3.73,13.0,5,441.0,20.5,4.9,겨울,이틀절임,10.8,8.1,True,36,2880,1.57,4,좋음,정상 진행,1.22,7.5,0.23,7.8
513,4,completed,2025-12-19T08:53:12.567165,2025-12-21T08:53:12.567165,hwimori,휘모리,XL,3.78,23.0,3,435.0,22.3,-2.7,겨울,이틀절임,10.2,10.4,True,41,2880,1.41,3,양호,,1.4,11.8,0.17,12.3
514,2,completed,2025-12-21T13:34:20.673827,2025-12-22T16:55:20.673827,bulam3,불암3호,L,3.26,20.6,4,660.0,22.1,2.2,겨울,하루절임,14.3,11.2,True,37,1641,1.77,5,좋음,,1.29,11.5,0.3,9.6
515,4,completed,2025-12-22T14:51:09.457174,2025-12-24T14:51:09.457174,bulamplus,불암플러스,L,3.48,13.8,4,625.0,21.9,5.2,겨울,이틀절임,10.7,9.9,True,39,2880,1.84,5,좋음,,1.23,8.8,0.27,10.1
516,2,completed,2025-12-24T14:19:40.389061,2025-12-26T14:13:40.389061,hwiparam,휘파람골드,L,3.0,15.4,5,404.0,23.2,7.7,겨울,이틀절임,10.9,8.5,True,35,2874,1.55,4,좋음,,1.07,6.6,0.25,7.0
517,4,completed,2025-12-26T11:11:07.396073,2025-12-27T11:53:07.396073,bulamplus,불암플러스,L,3.22,17.9,4,570.0,21.8,-2.6,겨울,하루절임,13.9,9.1,True,42,1482,1.48,3,양호,,1.21,9.7,0.23,10.1
518,3,completed,2025-12-27T14:33:21.992346,2025-12-29T14:33:21.992346,cheongomabi,천고마비,XL,4.21,16.2,4,659.0,23.3,7.5,겨울,이틀절임,10.2,9.2,True,38,2880,1.59,4,좋음,,1.27,10.2,0.24,8.5
519,1,completed,2025-12-29T10:56:55.140921,2025-12-30T15:15:55.140921,bulamplus,불암플러스,XL,3.59,18.4,3,632.0,21.9,-4.9,겨울,하루절임,13.7,8.9,True,43,1699,1.56,4,좋음,,1.18,9.2,0.18,10.5
520,3,completed,2025-12-30T13:27:13.472384,2025-12-31T19:22:13.472384,cheongomabi,천고마비,XL,4.23,15.1,4,624.0,21.0,7.8,겨울,하루절임,14.4,11.8,True,38,1795,1.95,3,좋음,,1.11,10.7,0.2,13.2
